{
	"Form": [{
		"task_id": "HD LAPTOP",
		"task_title": "this is task description",
		"task_description": "ali",
		"task_type": "development",
		"sub_task": "sub_development",
		"open_date": "10/12/20",
		"created_by": "Alimirza",
		"assigned_to": "alimirza",
		"created_by_name": "raza",
		"current_assigne": "Alimirza",
		"status": "Active",
		"remarks": "good",
		"priority": "10",
		"pot_reference_id": ""

	}, {
		"task_id": "2",
		"task_title": "this is task description",
		"task_description": "ali",
		"task_type": "requirment",
		"sub_task": "sub_development",
		"open_date": "10/12/20",
		"created_by": "Alimirza",
		"assigned_to": "alimirza",
		"created_by_name": "raza",
		"current_assigne": "Alimirza",
		"status": "Open",
		"remarks": "good",
		"priority": "20",
		"pot_reference_id": ""
	}, {
		"task_id": "3",
		"task_title": "this is task description",
		"task_description": "ali",
		"task_type": "process",
		"sub_task": "sub_development",
		"open_date": "10/12/20",
		"created_by": "Alimirza",
		"assigned_to": "alimirza",
		"created_by_name": "raza",
		"current_assigne": "Alimirza",
		"status": "Active",
		"remarks": "good",
		"priority": "30",
		"pot_reference_id": ""
	}, {
		"task_id": "4",
		"task_title": "this is task description",
		"task_description": "ali",
		"task_type": "development",
		"sub_task": "sub_development",
		"open_date": "10/12/20",
		"created_by": "Alimirza",
		"assigned_to": "alimirza",
		"created_by_name": "raza",
		"current_assigne": "Alimirza",
		"status": "Active",
		"remarks": "good",
		"priority": "40",
		"pot_reference_id": ""
	}, {
		"task_id": "5",
		"task_title": "this is task description",
		"task_description": "ali",
		"task_type": "development",
		"sub_task": "sub_development",
		"open_date": "10/12/20",
		"created_by": "Alimirza",
		"assigned_to": "alimirza",
		"created_by_name": "raza",
		"current_assigne": "Alimirza",
		"status": "Active",
		"remarks": "good",
		"priority": "50",
		"pot_reference_id": ""
	}, {
		"task_id": "6",
		"task_title": "this is task description",
		"task_description": "ali",
		"task_type": "development",
		"sub_task": "sub_development",
		"open_date": "10/12/20",
		"created_by": "Alimirza",
		"assigned_to": "alimirza",
		"created_by_name": "raza",
		"current_assigne": "Alimirza",
		"status": "Active",
		"remarks": "good",
		"priority": "60",
		"pot_reference_id": ""
	}, {
		"task_id": "7",
		"task_title": "this is task description",
		"task_description": "ali",
		"task_type": "development",
		"sub_task": "sub_development",
		"open_date": "10/12/20",
		"created_by": "Alimirza",
		"assigned_to": "alimirza",
		"created_by_name": "raza",
		"current_assigne": "Alimirza",
		"status": "Active",
		"remarks": "good",
		"priority": "70",
		"pot_reference_id": ""
	}, {
		"task_id": "8",
		"task_title": "this is task description",
		"task_description": "ali",
		"task_type": "development",
		"sub_task": "sub_development",
		"open_date": "10/12/20",
		"created_by": "Alimirza",
		"assigned_to": "alimirza",
		"created_by_name": "raza",
		"current_assigne": "Alimirza",
		"status": "Active",
		"remarks": "good",
		"priority": "80",
		"pot_reference_id": ""
	}, {
		"task_id": "9",
		"task_title": "this is task description",
		"task_description": "ali",
		"task_type": "development",
		"sub_task": "sub_development",
		"open_date": "10/12/20",
		"created_by": "Alimirza",
		"assigned_to": "alimirza",
		"created_by_name": "raza",
		"current_assigne": "Alimirza",
		"status": "Active",
		"remarks": "good",
		"priority": "90",
		"pot_reference_id": ""
	}, {
		"task_id": "10",
		"task_title": "this is task description",
		"task_description": "ali",
		"task_type": "development",
		"sub_task": "sub_development",
		"open_date": "10/12/20",
		"created_by": "Alimirza",
		"assigned_to": "alimirza",
		"created_by_name": "raza",
		"current_assigne": "Alimirza",
		"status": "Active",
		"remarks": "good",
		"priority": "100",
		"pot_reference_id": ""
	}, {
		"task_id": "11",
		"task_title": "this is task description",
		"task_description": "ali",
		"task_type": "development",
		"sub_task": "sub_development",
		"open_date": "10/12/20",
		"created_by": "Alimirza",
		"assigned_to": "alimirza",
		"created_by_name": "raza",
		"current_assigne": "Alimirza",
		"status": "Active",
		"remarks": "good",
		"priority": "110",
		"pot_reference_id": ""
	}, {
		"task_id": "12",
		"task_title": "this is task description",
		"task_description": "ali",
		"task_type": "development",
		"sub_task": "sub_development",
		"open_date": "10/12/20",
		"created_by": "Alimirza",
		"assigned_to": "alimirza",
		"created_by_name": "raza",
		"current_assigne": "Alimirza",
		"status": "Active",
		"remarks": "good",
		"priority": "120",
		"pot_reference_id": ""
	}, {
		"task_id": "13",
		"task_title": "this is task description",
		"task_description": "ali",
		"task_type": "development",
		"sub_task": "sub_development",
		"open_date": "10/12/20",
		"created_by": "Alimirza",
		"assigned_to": "alimirza",
		"created_by_name": "raza",
		"current_assigne": "Alimirza",
		"status": "Active",
		"remarks": "good",
		"priority": "130",
		"pot_reference_id": ""
	}, {
		"task_id": "14",
		"task_title": "this is task description",
		"task_description": "ali",
		"task_type": "development",
		"sub_task": "sub_development",
		"open_date": "10/12/20",
		"created_by": "Alimirza",
		"assigned_to": "alimirza",
		"created_by_name": "raza",
		"current_assigne": "Alimirza",
		"status": "Active",
		"remarks": "good",
		"priority": "140",
		"pot_reference_id": ""
	}, {
		"task_id": "15",
		"task_title": "this is task description",
		"task_description": "ali",
		"task_type": "development",
		"sub_task": "sub_development",
		"open_date": "10/12/20",
		"created_by": "Alimirza",
		"assigned_to": "alimirza",
		"created_by_name": "raza",
		"current_assigne": "Alimirza",
		"status": "Active",
		"remarks": "good",
		"priority": "160",
		"pot_reference_id": ""
	}, {
		"task_id": "16",
		"task_title": "this is task description",
		"task_description": "ali",
		"task_type": "development",
		"sub_task": "sub_development",
		"open_date": "10/12/20",
		"created_by": "Alimirza",
		"assigned_to": "alimirza",
		"created_by_name": "raza",
		"current_assigne": "Alimirza",
		"status": "Active",
		"remarks": "good",
		"priority": "170",
		"pot_reference_id": ""
	}, {
		"task_id": "17",
		"task_title": "this is task description",
		"task_description": "ali",
		"task_type": "development",
		"sub_task": "sub_development",
		"open_date": "10/12/20",
		"created_by": "Alimirza",
		"assigned_to": "alimirza",
		"created_by_name": "raza",
		"current_assigne": "Alimirza",
		"status": "Active",
		"remarks": "good",
		"priority": "180",
		"pot_reference_id": ""
	}, {
		"task_id": "18",
		"task_title": "this is task description",
		"task_description": "ali",
		"task_type": "development",
		"sub_task": "sub_development",
		"open_date": "10/12/20",
		"created_by": "Alimirza",
		"assigned_to": "alimirza",
		"created_by_name": "raza",
		"current_assigne": "Alimirza",
		"status": "Active",
		"remarks": "good",
		"priority": "190",
		"pot_reference_id": ""
	}, {
		"task_id": "19",
		"task_title": "this is task description",
		"task_description": "ali",
		"task_type": "development",
		"sub_task": "sub_development",
		"open_date": "10/12/20",
		"created_by": "Alimirza",
		"assigned_to": "alimirza",
		"created_by_name": "raza",
		"current_assigne": "Alimirza",
		"status": "Active",
		"remarks": "good",
		"priority": "200",
		"pot_reference_id": ""
	}]
}