<edmx:Edmx xmlns:edmx="http://schemas.microsoft.com/ado/2007/06/edmx"
	xmlns:m="http://schemas.microsoft.com/ado/2007/08/dataservices/metadata" xmlns:sap="http://www.sap.com/Protocols/SAPData" Version="1.0">
	<edmx:DataServices m:DataServiceVersion="2.0">
		<Schema xmlns="http://schemas.microsoft.com/ado/2008/09/edm" Namespace="ZMM_MATCR_SRV" xml:lang="en" sap:schema-version="1">
			<EntityType Name="Query_Matcrdata" sap:content-version="1">
				<Key><PropertyRef Name="Key"/></Key><Property Name="Appcat" Type="Edm.String" Nullable="false" MaxLength="2" sap:unicode="false" sap:label="App Category" sap:creatable="false"
					sap:updatable="false" sap:sortable="false" sap:filterable="false"/><Property Name="Apptyp" Type="Edm.String" Nullable="false" MaxLength="2" sap:unicode="false" sap:label="App Type" sap:creatable="false"
					sap:updatable="false" sap:sortable="false" sap:filterable="false"/><Property Name="SrvCall" Type="Edm.String" Nullable="false" MaxLength="4" sap:unicode="false" sap:label="Service Call" sap:creatable="false"
					sap:updatable="false" sap:sortable="false" sap:filterable="false"/><Property Name="Key" Type="Edm.String" Nullable="false" MaxLength="20" sap:unicode="false" sap:label="KEY" sap:creatable="false"
					sap:updatable="false" sap:sortable="false" sap:filterable="false"/><Property Name="Value" Type="Edm.String" Nullable="false" sap:unicode="false" sap:label="VALUE" sap:creatable="false" sap:updatable="false"
					sap:sortable="false" sap:filterable="false"/></EntityType>
			<EntityContainer Name="ZMM_MATCR_SRV_Entities" m:IsDefaultEntityContainer="true" sap:supported-formats="atom json xlsx"><EntitySet Name="Query_matcrdataSet" EntityType="ZMM_MATCR_SRV.Query_Matcrdata" sap:creatable="false" sap:updatable="false"
				sap:deletable="false" sap:pageable="false" sap:addressable="false" sap:content-version="1"/></EntityContainer><atom:link xmlns:atom="http://www.w3.org/2005/Atom" rel="self" href="./sap/ZMM_MATCR_SRV/$metadata"/><atom:link xmlns:atom="http://www.w3.org/2005/Atom" rel="latest-version" href="./sap/ZMM_MATCR_SRV/$metadata"/></Schema>
	</edmx:DataServices>
</edmx:Edmx>