<core:FragmentDefinition xmlns="sap.m" xmlns:core="sap.ui.core" xmlns:f="sap.ui.layout.form" xmlns:l="sap.ui.layout">
	<Dialog id="AddTableD" title="Add Destination Data">
		<f:SimpleForm editable="true" layout="ResponsiveGridLayout">
			<f:content>
				<Label text="Travel Date" width="100%" wrapping="true"/>
				<DatePicker value="{oTravelInfoObjModel>/Travel_Date}" valueFormat="yyyy.MM.dd"/>
				<Label text="Return Date" width="100%" wrapping="true"/>
				<DatePicker value="{oTravelInfoObjModel>/Return_Date}" valueFormat="yyyy.MM.dd"/>
				<Label text="Ticket Class" width="100%" wrapping="true"/>
				<Select selectedKey="{oTravelInfoObjModel>/Ticket_Class}" width="100%" items="{ path: 'CountryoModel>/'}">
					<core:ListItem key="{CountryoModel>Land1}" text="{CountryoModel>Landx}"/>
				</Select>
				<Label text="Ticket Type" width="100%" wrapping="true"/>
				<Select selectedKey="{oTravelInfoObjModel>/Ticket_Type}" width="100%">
					<core:ListItem key="" text=""/>
					<core:ListItem key="Economy" text="Economy"/>
					<core:ListItem key="Business" text="Business"/>
					<core:ListItem key="Lower" text="Lower"/>
				</Select>
				<Label text="Departure From" width="100%" wrapping="true"/>
				<Select selectedKey="{oTravelInfoObjModel>/Departure_From}" width="100%" items="{ path: 'CountryoModel>/'}">
					<core:ListItem key="" text=""/>
					<core:ListItem key="{CountryoModel>Land1}" text="{CountryoModel>Landx}"/>
				</Select>
				<Label text="Departure To" width="100%" wrapping="true"/>
				<Select selectedKey="{oTravelInfoObjModel>/Departure_to}" width="100%" items="{ path: 'CountryoModel>/'}">
					<core:ListItem key="" text=""/>
					<core:ListItem key="{CountryoModel>Land1}" text="{CountryoModel>Landx}"/>
				</Select>
				<Label text="Need Upgrade" width="100%" wrapping="true"/>
				<Select selectedKey="{oTravelInfoObjModel>/Need_Urgent}" width="100%">
					<core:ListItem key="" text=""/>
					<core:ListItem key="yes" text="Yes"/>
					<core:ListItem key="no" text="No"/>
				</Select>
				<Label text="Mehram" width="100%" wrapping="true"/>
				<Select selectedKey="{oTravelInfoObjModel>/Need_Mehram}" change="onChangeSelect" width="100%">
					<core:ListItem key="" text=""/>
					<core:ListItem key="yes" text="Yes"/>
					<core:ListItem key="no" text="No"/>
				</Select>
				<Label text="Mehram First Name" width="100%" wrapping="true"/>
				<Input id="Mehram_First_Name" value="{oTravelInfoObjModel>/Mehram_First_Name}" placeholder="" visible="false"/>
				<Label text="Mehram Sur Name" width="100%" wrapping="true"/>
				<Input id="Mehram_Surname" value="{oTravelInfoObjModel>/Mehram_Surname}" placeholder="" visible="false"/>
				<Label text="DOB" width="100%" wrapping="true"/>
				<DatePicker placeholder="To" value="{oTravelInfoObjModel>/Date_of_Birth}" id="Date_of_Birth" enabled="true" visible="false"/>
				<Label text="Passport" width="100%" wrapping="true"/>
				<Input id="Passport_No" value="{oTravelInfoObjModel>/Passport_No}" placeholder="Passport" visible="false"/>
				<Label text="Passport No" width="100%" wrapping="true"/>
				<Input id="Passport_Expiry" value="{oTravelInfoObjModel>/Passport_Expiry}" placeholder="Passport" visible="false"/>
				<Label text="ID" width="100%" wrapping="true"/>
				<Input id="ID_Number" value="{oTravelInfoObjModel>/ID_Number}" placeholder="Passport" visible="false"/>
			</f:content>
		</f:SimpleForm>
		<beginButton>
			<Button text="OK" press="onOkDialog"/>
		</beginButton>
		<endButton>
			<Button text="Close" press="onCloseDialog"/>
		</endButton>
	</Dialog>
</core:FragmentDefinition>