<edmx:Edmx xmlns:edmx="http://schemas.microsoft.com/ado/2007/06/edmx"
	xmlns:m="http://schemas.microsoft.com/ado/2007/08/dataservices/metadata" xmlns:sap="http://www.sap.com/Protocols/SAPData" Version="1.0">
	<edmx:DataServices m:DataServiceVersion="2.0">
		<Schema xmlns="http://schemas.microsoft.com/ado/2008/09/edm" Namespace="ZTM_APP_SRV" xml:lang="en" sap:schema-version="1">
			<EntityType Name="Get_data" sap:content-version="1">
				<Key><PropertyRef Name="IvCall"/><PropertyRef Name="IvGet"/></Key><Property Name="IvCall" Type="Edm.String" Nullable="false" MaxLength="1" sap:unicode="false" sap:label="Single-Character Flag"
					sap:creatable="false" sap:updatable="false" sap:sortable="false" sap:filterable="false"/><Property Name="IvGet" Type="Edm.String" Nullable="false" sap:unicode="false" sap:label="IV_GET" sap:creatable="false" sap:updatable="false"
					sap:sortable="false" sap:filterable="false"/><Property Name="IvJson" Type="Edm.String" Nullable="false" sap:unicode="false" sap:label="IV_JSON" sap:creatable="false"
					sap:updatable="false" sap:sortable="false" sap:filterable="false"/></EntityType>
			<EntityContainer Name="ZTM_APP_SRV_Entities" m:IsDefaultEntityContainer="true" sap:supported-formats="atom json xlsx"><EntitySet Name="Get_dataSet" EntityType="ZTM_APP_SRV.Get_data" sap:creatable="false" sap:updatable="false" sap:deletable="false"
				sap:pageable="false" sap:content-version="1"/></EntityContainer><atom:link xmlns:atom="http://www.w3.org/2005/Atom" rel="self" href="./sap/ZTM_APP_SRV/$metadata"/><atom:link xmlns:atom="http://www.w3.org/2005/Atom" rel="latest-version" href="./sap/ZTM_APP_SRV/$metadata"/></Schema>
	</edmx:DataServices>
</edmx:Edmx>