<edmx:Edmx xmlns:edmx="http://schemas.microsoft.com/ado/2007/06/edmx"
	xmlns:m="http://schemas.microsoft.com/ado/2007/08/dataservices/metadata" xmlns:sap="http://www.sap.com/Protocols/SAPData" Version="1.0">
	<edmx:DataServices m:DataServiceVersion="2.0">
		<Schema xmlns="http://schemas.microsoft.com/ado/2008/09/edm" Namespace="ZFAD_APP_SRV" xml:lang="en" sap:schema-version="1">
			<EntityType Name="Initial_call" sap:content-version="1">
				<Key><PropertyRef Name="Key"/></Key><Property Name="ICall" Type="Edm.String" Nullable="false" MaxLength="1" sap:unicode="false" sap:label="Single-Character Flag"
					sap:creatable="false" sap:updatable="false" sap:sortable="false" sap:filterable="false"/><Property Name="Key" Type="Edm.String" Nullable="false" sap:unicode="false" sap:label="Key" sap:creatable="false" sap:updatable="false"
					sap:sortable="false" sap:filterable="false"/><Property Name="Value" Type="Edm.String" Nullable="false" sap:unicode="false" sap:label="Value" sap:creatable="false" sap:updatable="false"
					sap:sortable="false" sap:filterable="false"/></EntityType>
			<EntityType Name="personalInfo" sap:content-version="1">
				<Key><PropertyRef Name="ICall"/></Key><Property Name="ICall" Type="Edm.String" Nullable="false" MaxLength="1" sap:unicode="false" sap:label="Single-Character Flag"
					sap:creatable="false" sap:updatable="false" sap:sortable="false" sap:filterable="false"/><Property Name="EPrsldata" Type="Edm.String" Nullable="false" sap:unicode="false" sap:label="Student Personal Data" sap:creatable="false"
					sap:updatable="false" sap:sortable="false" sap:filterable="false"/></EntityType>
			<EntityType Name="save_call" sap:content-version="1">
				<Key><PropertyRef Name="IStudentData"/><PropertyRef Name="ISecF"/><PropertyRef Name="ISecET2"/><PropertyRef Name="ISecET1"/><PropertyRef Name="ISecE"/><PropertyRef Name="ISecDTbl"/><PropertyRef Name="ISecD"/><PropertyRef Name="ISecC"/><PropertyRef Name="ISecBTbl"/><PropertyRef Name="ISecB"/><PropertyRef Name="ICall"/><PropertyRef Name="IAnxH"/><PropertyRef Name="IAnxG"/><PropertyRef Name="IAnxF"/><PropertyRef Name="IAnxE"/><PropertyRef Name="IAnxData"/><PropertyRef Name="IAnxD"/><PropertyRef Name="IAnxC"/><PropertyRef Name="IAnxB"/><PropertyRef Name="IAnxA"/></Key><Property Name="IStudentData" Type="Edm.String" Nullable="false" sap:unicode="false" sap:label="FAF Student Data" sap:creatable="false"
					sap:updatable="false" sap:sortable="false" sap:filterable="false"/><Property Name="ISecF" Type="Edm.String" Nullable="false" sap:unicode="false" sap:label="FAF Section D Data" sap:creatable="false"
					sap:updatable="false" sap:sortable="false" sap:filterable="false"/><Property Name="ISecET2" Type="Edm.String" Nullable="false" sap:unicode="false" sap:label="FAF Section D Data" sap:creatable="false"
					sap:updatable="false" sap:sortable="false" sap:filterable="false"/><Property Name="ISecET1" Type="Edm.String" Nullable="false" sap:unicode="false" sap:label="FAF Section D Data" sap:creatable="false"
					sap:updatable="false" sap:sortable="false" sap:filterable="false"/><Property Name="ISecE" Type="Edm.String" Nullable="false" sap:unicode="false" sap:label="FAF Section D Data" sap:creatable="false"
					sap:updatable="false" sap:sortable="false" sap:filterable="false"/><Property Name="ISecDTbl" Type="Edm.String" Nullable="false" sap:unicode="false" sap:label="FAF Section D Data" sap:creatable="false"
					sap:updatable="false" sap:sortable="false" sap:filterable="false"/><Property Name="ISecD" Type="Edm.String" Nullable="false" sap:unicode="false" sap:label="FAF Section D Data" sap:creatable="false"
					sap:updatable="false" sap:sortable="false" sap:filterable="false"/><Property Name="ISecC" Type="Edm.String" Nullable="false" sap:unicode="false" sap:label="FAF Section C Data" sap:creatable="false"
					sap:updatable="false" sap:sortable="false" sap:filterable="false"/><Property Name="ISecBTbl" Type="Edm.String" Nullable="false" sap:unicode="false" sap:label="FAF Section B Table Data" sap:creatable="false"
					sap:updatable="false" sap:sortable="false" sap:filterable="false"/><Property Name="ISecB" Type="Edm.String" Nullable="false" sap:unicode="false" sap:label="FAF Section B Data" sap:creatable="false"
					sap:updatable="false" sap:sortable="false" sap:filterable="false"/><Property Name="ICall" Type="Edm.String" Nullable="false" MaxLength="1" sap:unicode="false" sap:label="Single-Character Flag"
					sap:creatable="false" sap:updatable="false" sap:sortable="false" sap:filterable="false"/><Property Name="IAnxH" Type="Edm.String" Nullable="false" sap:unicode="false" sap:label="FAF Annexure H" sap:creatable="false"
					sap:updatable="false" sap:sortable="false" sap:filterable="false"/><Property Name="IAnxG" Type="Edm.String" Nullable="false" sap:unicode="false" sap:label="FAF AnnexureG" sap:creatable="false"
					sap:updatable="false" sap:sortable="false" sap:filterable="false"/><Property Name="IAnxF" Type="Edm.String" Nullable="false" sap:unicode="false" sap:label="FAF Annexure F" sap:creatable="false"
					sap:updatable="false" sap:sortable="false" sap:filterable="false"/><Property Name="IAnxE" Type="Edm.String" Nullable="false" sap:unicode="false" sap:label="FAF Annexure E" sap:creatable="false"
					sap:updatable="false" sap:sortable="false" sap:filterable="false"/><Property Name="IAnxData" Type="Edm.String" Nullable="false" sap:unicode="false" sap:label="FAF Annexure Data" sap:creatable="false"
					sap:updatable="false" sap:sortable="false" sap:filterable="false"/><Property Name="IAnxD" Type="Edm.String" Nullable="false" sap:unicode="false" sap:label="FAF Annexure D" sap:creatable="false"
					sap:updatable="false" sap:sortable="false" sap:filterable="false"/><Property Name="IAnxC" Type="Edm.String" Nullable="false" sap:unicode="false" sap:label="FAF Annexure C" sap:creatable="false"
					sap:updatable="false" sap:sortable="false" sap:filterable="false"/><Property Name="IAnxB" Type="Edm.String" Nullable="false" sap:unicode="false" sap:label="FAF Annexure B" sap:creatable="false"
					sap:updatable="false" sap:sortable="false" sap:filterable="false"/><Property Name="IAnxA" Type="Edm.String" Nullable="false" sap:unicode="false" sap:label="FAF Annexure A" sap:creatable="false"
					sap:updatable="false" sap:sortable="false" sap:filterable="false"/><Property Name="EPrsldata" Type="Edm.String" Nullable="false" sap:unicode="false" sap:label="Student Personal Data" sap:creatable="false"
					sap:updatable="false" sap:sortable="false" sap:filterable="false"/></EntityType>
			<EntityType Name="save_data" sap:content-version="1">
				<Key><PropertyRef Name="PersonalData"/><PropertyRef Name="ICall"/></Key><Property Name="PersonalData" Type="Edm.String" Nullable="false" sap:unicode="false" sap:label="Student Personal Data JSON String"
					sap:creatable="false" sap:updatable="false" sap:sortable="false" sap:filterable="false"/><Property Name="AnexureData" Type="Edm.String" Nullable="false" sap:unicode="false" sap:label="Annexure Data JSON String"
					sap:creatable="false" sap:updatable="false" sap:sortable="false" sap:filterable="false"/><Property Name="SectionB" Type="Edm.String" Nullable="false" sap:unicode="false" sap:label="Section B JSON String" sap:creatable="false"
					sap:updatable="false" sap:sortable="false" sap:filterable="false"/><Property Name="SecbTbl" Type="Edm.String" Nullable="false" sap:unicode="false" sap:label="Section B Table JSON String"
					sap:creatable="false" sap:updatable="false" sap:sortable="false" sap:filterable="false"/><Property Name="SectionC" Type="Edm.String" Nullable="false" sap:unicode="false" sap:label="Section C JSON String" sap:creatable="false"
					sap:updatable="false" sap:sortable="false" sap:filterable="false"/><Property Name="SectionD" Type="Edm.String" Nullable="false" sap:unicode="false" sap:label="Section D JSON String" sap:creatable="false"
					sap:updatable="false" sap:sortable="false" sap:filterable="false"/><Property Name="SecdTbl" Type="Edm.String" Nullable="false" sap:unicode="false" sap:label="Section D Table JSON String"
					sap:creatable="false" sap:updatable="false" sap:sortable="false" sap:filterable="false"/><Property Name="SectionE" Type="Edm.String" Nullable="false" sap:unicode="false" sap:label="Section E JSON String" sap:creatable="false"
					sap:updatable="false" sap:sortable="false" sap:filterable="false"/><Property Name="SeceT1" Type="Edm.String" Nullable="false" sap:unicode="false" sap:label="Section E Table 1 JSON String"
					sap:creatable="false" sap:updatable="false" sap:sortable="false" sap:filterable="false"/><Property Name="SeceT2" Type="Edm.String" Nullable="false" sap:unicode="false" sap:label="Section E Table 2 JSON String"
					sap:creatable="false" sap:updatable="false" sap:sortable="false" sap:filterable="false"/><Property Name="SectionF" Type="Edm.String" Nullable="false" sap:unicode="false" sap:label="Section F JSON String" sap:creatable="false"
					sap:updatable="false" sap:sortable="false" sap:filterable="false"/><Property Name="AnexureA" Type="Edm.String" Nullable="false" sap:unicode="false" sap:label="Annexure A JSON String" sap:creatable="false"
					sap:updatable="false" sap:sortable="false" sap:filterable="false"/><Property Name="AnexureB" Type="Edm.String" Nullable="false" sap:unicode="false" sap:label="Annexure B JSON String" sap:creatable="false"
					sap:updatable="false" sap:sortable="false" sap:filterable="false"/><Property Name="AnexureC" Type="Edm.String" Nullable="false" sap:unicode="false" sap:label="Annexure C JSON String" sap:creatable="false"
					sap:updatable="false" sap:sortable="false" sap:filterable="false"/><Property Name="AnexureD" Type="Edm.String" Nullable="false" sap:unicode="false" sap:label="Annexure D JSON String" sap:creatable="false"
					sap:updatable="false" sap:sortable="false" sap:filterable="false"/><Property Name="AnexureE" Type="Edm.String" Nullable="false" sap:unicode="false" sap:label="Annexure E JSON String" sap:creatable="false"
					sap:updatable="false" sap:sortable="false" sap:filterable="false"/><Property Name="AnexureF" Type="Edm.String" Nullable="false" sap:unicode="false" sap:label="Annexure F JSON String" sap:creatable="false"
					sap:updatable="false" sap:sortable="false" sap:filterable="false"/><Property Name="AnexureG" Type="Edm.String" Nullable="false" sap:unicode="false" sap:label="Annexure G JSON String" sap:creatable="false"
					sap:updatable="false" sap:sortable="false" sap:filterable="false"/><Property Name="AnexureH" Type="Edm.String" Nullable="false" sap:unicode="false" sap:label="Annexure H JSON String" sap:creatable="false"
					sap:updatable="false" sap:sortable="false" sap:filterable="false"/><Property Name="ICall" Type="Edm.String" Nullable="false" MaxLength="1" sap:unicode="false" sap:label="Single-Character Flag"
					sap:creatable="false" sap:updatable="false" sap:sortable="false" sap:filterable="false"/></EntityType>
			<ComplexType Name="ILsFinancial"><Property Name="PersonalData" Type="Edm.String" Nullable="false" sap:label="Student Personal Data JSON String" sap:creatable="false"
				sap:updatable="false" sap:sortable="false" sap:filterable="false"/><Property Name="AnexureData" Type="Edm.String" Nullable="false" sap:label="Annexure Data JSON String" sap:creatable="false"
				sap:updatable="false" sap:sortable="false" sap:filterable="false"/><Property Name="SectionB" Type="Edm.String" Nullable="false" sap:label="Section B JSON String" sap:creatable="false" sap:updatable="false"
				sap:sortable="false" sap:filterable="false"/><Property Name="SecbTbl" Type="Edm.String" Nullable="false" sap:label="Section B Table JSON String" sap:creatable="false"
				sap:updatable="false" sap:sortable="false" sap:filterable="false"/><Property Name="SectionC" Type="Edm.String" Nullable="false" sap:label="Section C JSON String" sap:creatable="false" sap:updatable="false"
				sap:sortable="false" sap:filterable="false"/><Property Name="SectionD" Type="Edm.String" Nullable="false" sap:label="Section D JSON String" sap:creatable="false" sap:updatable="false"
				sap:sortable="false" sap:filterable="false"/><Property Name="SecdTbl" Type="Edm.String" Nullable="false" sap:label="Section D Table JSON String" sap:creatable="false"
				sap:updatable="false" sap:sortable="false" sap:filterable="false"/><Property Name="SectionE" Type="Edm.String" Nullable="false" sap:label="Section E JSON String" sap:creatable="false" sap:updatable="false"
				sap:sortable="false" sap:filterable="false"/><Property Name="SeceT1" Type="Edm.String" Nullable="false" sap:label="Section E Table 1 JSON String" sap:creatable="false"
				sap:updatable="false" sap:sortable="false" sap:filterable="false"/><Property Name="SeceT2" Type="Edm.String" Nullable="false" sap:label="Section E Table 2 JSON String" sap:creatable="false"
				sap:updatable="false" sap:sortable="false" sap:filterable="false"/><Property Name="SectionF" Type="Edm.String" Nullable="false" sap:label="Section F JSON String" sap:creatable="false" sap:updatable="false"
				sap:sortable="false" sap:filterable="false"/><Property Name="AnexureA" Type="Edm.String" Nullable="false" sap:label="Annexure A JSON String" sap:creatable="false" sap:updatable="false"
				sap:sortable="false" sap:filterable="false"/><Property Name="AnexureB" Type="Edm.String" Nullable="false" sap:label="Annexure B JSON String" sap:creatable="false" sap:updatable="false"
				sap:sortable="false" sap:filterable="false"/><Property Name="AnexureC" Type="Edm.String" Nullable="false" sap:label="Annexure C JSON String" sap:creatable="false" sap:updatable="false"
				sap:sortable="false" sap:filterable="false"/><Property Name="AnexureD" Type="Edm.String" Nullable="false" sap:label="Annexure D JSON String" sap:creatable="false" sap:updatable="false"
				sap:sortable="false" sap:filterable="false"/><Property Name="AnexureE" Type="Edm.String" Nullable="false" sap:label="Annexure E JSON String" sap:creatable="false" sap:updatable="false"
				sap:sortable="false" sap:filterable="false"/><Property Name="AnexureF" Type="Edm.String" Nullable="false" sap:label="Annexure F JSON String" sap:creatable="false" sap:updatable="false"
				sap:sortable="false" sap:filterable="false"/><Property Name="AnexureG" Type="Edm.String" Nullable="false" sap:label="Annexure G JSON String" sap:creatable="false" sap:updatable="false"
				sap:sortable="false" sap:filterable="false"/><Property Name="AnexureH" Type="Edm.String" Nullable="false" sap:label="Annexure H JSON String" sap:creatable="false" sap:updatable="false"
				sap:sortable="false" sap:filterable="false"/></ComplexType>
			<ComplexType Name="ZfafApp"><Property Name="EPrsldata" Type="Edm.String" Nullable="false" sap:label="Student Personal Data" sap:creatable="false" sap:updatable="false"
				sap:sortable="false" sap:filterable="false"/></ComplexType>
			<EntityContainer Name="ZFAD_APP_SRV_Entities" m:IsDefaultEntityContainer="true" sap:supported-formats="atom json xlsx"><EntitySet Name="Initial_call_set" EntityType="ZFAD_APP_SRV.Initial_call" sap:creatable="false" sap:updatable="false" sap:deletable="false"
				sap:pageable="false" sap:addressable="false" sap:content-version="1"/><EntitySet Name="personalInfoSet" EntityType="ZFAD_APP_SRV.personalInfo" sap:creatable="false" sap:updatable="false" sap:deletable="false"
				sap:pageable="false" sap:content-version="1"/><EntitySet Name="save_call_set" EntityType="ZFAD_APP_SRV.save_call" sap:creatable="false" sap:updatable="false" sap:deletable="false"
				sap:pageable="false" sap:addressable="false" sap:content-version="1"/><EntitySet Name="save_data_set" EntityType="ZFAD_APP_SRV.save_data" sap:creatable="false" sap:updatable="false" sap:deletable="false"
				sap:pageable="false" sap:addressable="false" sap:content-version="1"/></EntityContainer><atom:link xmlns:atom="http://www.w3.org/2005/Atom" rel="self" href="./sap/ZFAD_APP_SRV/$metadata"/><atom:link xmlns:atom="http://www.w3.org/2005/Atom" rel="latest-version" href="./sap/ZFAD_APP_SRV/$metadata"/></Schema>
	</edmx:DataServices>
</edmx:Edmx>