<edmx:Edmx xmlns:edmx="http://schemas.microsoft.com/ado/2007/06/edmx"
	xmlns:m="http://schemas.microsoft.com/ado/2007/08/dataservices/metadata" xmlns:sap="http://www.sap.com/Protocols/SAPData" Version="1.0">
	<edmx:DataServices m:DataServiceVersion="2.0">
		<Schema xmlns="http://schemas.microsoft.com/ado/2008/09/edm" Namespace="ZFI_CASH_SRV_SRV" xml:lang="en" sap:schema-version="1"><Annotation xmlns="http://docs.oasis-open.org/odata/ns/edm" Term="Core.SchemaVersion" String="1.0.0"/>
			<EntityType Name="totalSet" sap:content-version="1">
				<Key><PropertyRef Name="Bukrs"/><PropertyRef Name="Rfha"/></Key><Property Name="Bukrs" Type="Edm.String" Nullable="false" MaxLength="4" sap:unicode="false" sap:label="Company Code" sap:creatable="false"
					sap:updatable="false" sap:sortable="false" sap:filterable="false"/><Property Name="Rfha" Type="Edm.String" Nullable="false" MaxLength="13" sap:unicode="false" sap:label="Transaction" sap:creatable="false"
					sap:updatable="false" sap:sortable="false" sap:filterable="false"/><Property Name="Delfz" Type="Edm.DateTime" Nullable="false" Precision="7" sap:unicode="false" sap:label="Term End" sap:creatable="false"
					sap:updatable="false" sap:sortable="false" sap:filterable="false"/><Property Name="Bzbetr" Type="Edm.Decimal" Nullable="false" Precision="14" Scale="3" sap:unicode="false" sap:unit="Wzbetr"
					sap:label="Payment Amnt in PyC" sap:creatable="false" sap:updatable="false" sap:sortable="false" sap:filterable="false"/><Property Name="Wzbetr" Type="Edm.String" Nullable="false" MaxLength="5" sap:unicode="false" sap:label="Payment Currency"
					sap:creatable="false" sap:updatable="false" sap:sortable="false" sap:filterable="false" sap:semantics="currency-code"/><Property Name="TotalVal" Type="Edm.Decimal" Nullable="false" Precision="14" Scale="3" sap:unicode="false" sap:unit="Wzbetr"
					sap:label="Payment Amnt in PyC" sap:creatable="false" sap:updatable="false" sap:sortable="false" sap:filterable="false"/><Property Name="Bankl" Type="Edm.String" Nullable="false" MaxLength="15" sap:unicode="false" sap:label="Bank Key" sap:creatable="false"
					sap:updatable="false" sap:sortable="false" sap:filterable="false"/><Property Name="Banka" Type="Edm.String" Nullable="false" MaxLength="60" sap:unicode="false" sap:label="Bank name" sap:creatable="false"
					sap:updatable="false" sap:sortable="false" sap:filterable="false"/><Property Name="Opening" Type="Edm.Decimal" Nullable="false" Precision="14" Scale="3" sap:unicode="false" sap:label="Opening Balance"
					sap:creatable="false" sap:updatable="false" sap:sortable="false" sap:filterable="false"/><Property Name="CashIn" Type="Edm.Decimal" Nullable="false" Precision="14" Scale="3" sap:unicode="false" sap:label="Cash IN"
					sap:creatable="false" sap:updatable="false" sap:sortable="false" sap:filterable="false"/><Property Name="CashOut" Type="Edm.Decimal" Nullable="false" Precision="14" Scale="3" sap:unicode="false" sap:label="Cash Out"
					sap:creatable="false" sap:updatable="false" sap:sortable="false" sap:filterable="false"/><Property Name="Closing" Type="Edm.Decimal" Nullable="false" Precision="14" Scale="3" sap:unicode="false" sap:label="Closing Balance"
					sap:creatable="false" sap:updatable="false" sap:sortable="false" sap:filterable="false"/><Property Name="Internal" Type="Edm.Decimal" Nullable="false" Precision="14" Scale="3" sap:unicode="false" sap:label="Internal Transfer"
					sap:creatable="false" sap:updatable="false" sap:sortable="false" sap:filterable="false"/><Property Name="Trans" Type="Edm.Decimal" Nullable="false" Precision="14" Scale="3" sap:unicode="false" sap:label="Transaction"
					sap:creatable="false" sap:updatable="false" sap:sortable="false" sap:filterable="false"/><Property Name="CurrentBal" Type="Edm.Decimal" Nullable="false" Precision="14" Scale="3" sap:unicode="false" sap:label="Transaction"
					sap:creatable="false" sap:updatable="false" sap:sortable="false" sap:filterable="false"/><Property Name="TotalCash" Type="Edm.Decimal" Nullable="false" Precision="14" Scale="3" sap:unicode="false" sap:label="Opening Balance"
					sap:creatable="false" sap:updatable="false" sap:sortable="false" sap:filterable="false"/><Property Name="AllTotal" Type="Edm.Decimal" Nullable="false" Precision="14" Scale="3" sap:unicode="false" sap:unit="Wzbetr"
					sap:label="Payment Amnt in PyC" sap:creatable="false" sap:updatable="false" sap:sortable="false" sap:filterable="false"/></EntityType>
			<EntityType Name="cashSet" sap:content-version="1">
				<Key><PropertyRef Name="Mandt"/><PropertyRef Name="Bankl"/><PropertyRef Name="Banka"/></Key><Property Name="Mandt" Type="Edm.String" Nullable="false" MaxLength="3" sap:unicode="false" sap:label="Client" sap:creatable="false"
					sap:updatable="false" sap:sortable="false" sap:filterable="false"/><Property Name="Bankl" Type="Edm.String" Nullable="false" MaxLength="15" sap:unicode="false" sap:label="Bank Key" sap:creatable="false"
					sap:updatable="false" sap:sortable="false" sap:filterable="false"/><Property Name="Banka" Type="Edm.String" Nullable="false" MaxLength="60" sap:unicode="false" sap:label="Bank name" sap:creatable="false"
					sap:updatable="false" sap:sortable="false" sap:filterable="false"/><Property Name="Opening" Type="Edm.Decimal" Nullable="false" Precision="14" Scale="3" sap:unicode="false" sap:label="Opening Balance"
					sap:creatable="false" sap:updatable="false" sap:sortable="false" sap:filterable="false"/><Property Name="CashIn" Type="Edm.Decimal" Nullable="false" Precision="14" Scale="3" sap:unicode="false" sap:label="Cash IN"
					sap:creatable="false" sap:updatable="false" sap:sortable="false" sap:filterable="false"/><Property Name="CashOut" Type="Edm.Decimal" Nullable="false" Precision="14" Scale="3" sap:unicode="false" sap:label="Cash Out"
					sap:creatable="false" sap:updatable="false" sap:sortable="false" sap:filterable="false"/><Property Name="Closing" Type="Edm.Decimal" Nullable="false" Precision="14" Scale="3" sap:unicode="false" sap:label="Closing Balance"
					sap:creatable="false" sap:updatable="false" sap:sortable="false" sap:filterable="false"/><Property Name="Internal" Type="Edm.Decimal" Nullable="false" Precision="14" Scale="3" sap:unicode="false" sap:label="Internal Transfer"
					sap:creatable="false" sap:updatable="false" sap:sortable="false" sap:filterable="false"/><Property Name="Trans" Type="Edm.Decimal" Nullable="false" Precision="14" Scale="3" sap:unicode="false" sap:label="Transaction"
					sap:creatable="false" sap:updatable="false" sap:sortable="false" sap:filterable="false"/><Property Name="CurrentBal" Type="Edm.Decimal" Nullable="false" Precision="14" Scale="3" sap:unicode="false" sap:label="Transaction"
					sap:creatable="false" sap:updatable="false" sap:sortable="false" sap:filterable="false"/></EntityType>
			<EntityContainer Name="ZFI_CASH_SRV_SRV_Entities" m:IsDefaultEntityContainer="true" sap:supported-formats="atom json xlsx"><EntitySet Name="totalSetSet" EntityType="ZFI_CASH_SRV_SRV.totalSet" sap:creatable="false" sap:updatable="false" sap:deletable="false"
				sap:pageable="false" sap:content-version="1"/><EntitySet Name="cashSetSet" EntityType="ZFI_CASH_SRV_SRV.cashSet" sap:creatable="false" sap:updatable="false" sap:deletable="false"
				sap:pageable="false" sap:content-version="1"/></EntityContainer><atom:link xmlns:atom="http://www.w3.org/2005/Atom" rel="self" href="./sap/ZFI_CASH_SRV_SRV/$metadata"/><atom:link xmlns:atom="http://www.w3.org/2005/Atom" rel="latest-version" href="./sap/ZFI_CASH_SRV_SRV/$metadata"/></Schema>
	</edmx:DataServices>
</edmx:Edmx>