<core:FragmentDefinition xmlns="sap.m" xmlns:core="sap.ui.core">
	<ViewSettingsDialog confirm="handleSortDialogConfirm">
		<sortItems>
			<ViewSettingsItem text="Seq Id" key="TID" selected="true"/>
			<ViewSettingsItem text="Task Type " key="TYPE_T" selected="true"/>
			<ViewSettingsItem text="Task Id " key="CID" selected="true"/>
			<ViewSettingsItem text="Task title" key="TITLE" selected="true"/>
			<ViewSettingsItem text="Task group " key="TYPE_T" selected="true"/>
			<ViewSettingsItem text="File type " key="AENAM" selected="true"/>
			<ViewSettingsItem text="Status" key="TID" selected="true"/>
			<ViewSettingsItem text="Priority " key="TITLE" selected="true"/>
			<ViewSettingsItem text="Assignee to " key="AENAM" selected="true"/>
			<ViewSettingsItem text="Assignee by" key="TID" selected="true"/>
			<ViewSettingsItem text="Created on " key="TITLE" selected="true"/>
			<ViewSettingsItem text="Created time " key="AENAM" selected="true"/>
			<ViewSettingsItem text="Doc Ref No" key="TID" selected="true"/>
			<ViewSettingsItem text="Doc Ref Name " key="TITLE" selected="true"/>
			<ViewSettingsItem text="Pot reference" key="AENAM" selected="true"/>
			<ViewSettingsItem text="TAT time" key="NOTIFY_AT" selected="true"/>
		</sortItems>
	</ViewSettingsDialog>
</core:FragmentDefinition>