<core:FragmentDefinition xmlns="sap.m" xmlns:f="sap.ui.layout.form" xmlns:core="sap.ui.core" xmlns:mvc="sap.ui.core.mvc"
	xmlns:l="sap.ui.layout">
	<Dialog >
		<content>
			<f:SimpleForm>
				<Label text="Comment" required="true"/>
				<Input id="Comment" liveChange="handleUserInput" value="{/comments}"/>
				<OverflowToolbar>
					<Button text="Comments" press="onSaveComment"/>
				</OverflowToolbar>
			</f:SimpleForm>
		</content>
		<endButton>
			<Button text="Exit" press="onClose1"/>
		</endButton>
	</Dialog>
</core:FragmentDefinition>