<core:FragmentDefinition xmlns="sap.m" xmlns:core="sap.ui.core" xmlns:f="sap.ui.layout.form" xmlns:l="sap.ui.layout"
	xmlns:u="sap.ui.unified">
	<Dialog title="Task Reassign" customHeader="Task Reassign" stretch="false">
		<f:SimpleForm id="SimpleFormToolbar" editable="true" layout="ResponsiveGridLayout" ariaLabelledBy="Title1">
			<f:content>
				<Toolbar ariaLabelledBy="Title">
					<Title id="Title" text="{i18n>Create Task}"/>
				</Toolbar>
				<Label text="Assign To ID" required="true"/>
				<MultiInput id="Assignee12" suggestionItems="{ path: 'of4helpmodel>/USRID', sorter: { path: 'USRID' } }" showSuggestion="false"
					showValueHelp="true" valueHelpRequest="getAssignData">
					<core:Item key="{of4helpmodel>USRID}" text="{of4helpmodel>NAME}"/>
				</MultiInput>
				<Label visible="false" text="Assign To Name" required="true"/>
				<Input visible="false" id="AssigntoName" placeholder="Parent Task Title" value="{selectedTaskDetailsModel>/ASSIGNEE_TO_NAME}"
					enabled="false"/>
				<!--<Label text="Task Start Date" required="true"/>-->
				<!--<DatePicker placeholder="Task End Date" value="{selectedTaskDetailsModel>/AEDAT}" id="OpenDate1"/>-->
				<Label text="Task End Date" required="true"/>
				<DatePicker placeholder="Task End Date" value="{selectedTaskDetailsModel>/TATT}" id="OpenDate" enabled="false"/>
				<!--<Label text="Remarks" required="true"/>-->
				<!--<TextArea id="Rem" value="" rows="8"/>-->
			</f:content>
		</f:SimpleForm>
		<!--<f:SimpleForm id="AttachmentForm" maxContainerCols="1" editable="true" layout="ResponsiveGridLayout" title="{i18n>attach}" labelSpanL="3"-->
		<!--	labelSpanM="3" emptySpanL="4" emptySpanM="4" columnsL="1" columnsM="1" class="editableForm">-->
		<!--	<f:content></f:content>-->
		<!--</f:SimpleForm>-->
		<!--<List id="Attachlist" mode="Delete" delete="handleFileDelete" itemPress="onItemPress" enableBusyIndicator="true" growing="true"-->
		<!--	items="" />-->
		<!--	<StandardListItem title="" type="Active" icon="sap-icon://SAP-icons-TNT/data" iconDensityAware="false"-->
		<!--		iconInset="false"/>-->
		<beginButton>
			<Button text="Reassign" press="onSave"/>
		</beginButton>
		<endButton>
			<Button text="Close" press="onClose"/>
		</endButton>
	</Dialog>
</core:FragmentDefinition>