<core:FragmentDefinition xmlns="sap.m" xmlns:core="sap.ui.core">
	<SelectDialog title="Revise by" class="sapUiPopupWithPadding" items="{path:'of4helpmodel>/USRID'}" multiSelect="false"
		search="_handleReviseValueHelpSearch" confirm="_handleReviseClose" cancel="_handleReviseClose">
		<StandardListItem icon="sap-icon://sys-add" class="sapUiSmallMarginEnd decreaseFont" iconDensityAware="false" iconInset="false"
			title="{of4helpmodel>USRID}" description="{of4helpmodel>NAME}"/>
	</SelectDialog>
</core:FragmentDefinition>
<!--<core:FragmentDefinition xmlns="sap.m" xmlns:core="sap.ui.core">-->
<!--	<SelectDialog noDataText="No Products Found" title="Select Product" search="handleSearch" confirm="handleClose" cancel="handleClose"-->
<!--		items="{ path : '/POSTION'}">-->
<!--		<StandardListItem title="{POSITION}" description="{P_DIS}" icon="{ProductPicUrl}" iconDensityAware="false" iconInset="false"-->
<!--			type="Active"/>-->
<!--	</SelectDialog>-->
<!--</core:FragmentDefinition>-->