<edmx:Edmx xmlns:edmx="http://schemas.microsoft.com/ado/2007/06/edmx"
	xmlns:m="http://schemas.microsoft.com/ado/2007/08/dataservices/metadata" xmlns:sap="http://www.sap.com/Protocols/SAPData" Version="1.0">
	<edmx:DataServices m:DataServiceVersion="2.0">
		<Schema xmlns="http://schemas.microsoft.com/ado/2008/09/edm" Namespace="ZHR_TRIP_CREATE_SRV" xml:lang="en" sap:schema-version="1">
			<EntityType Name="TripInfo" sap:content-version="1">
				<Key><PropertyRef Name="Pernr"/></Key><Property Name="Tripnp" Type="Edm.String" Nullable="false" MaxLength="20" sap:unicode="false" sap:label="Char20" sap:creatable="false"
					sap:updatable="false" sap:sortable="false" sap:filterable="false"/><Property Name="Pernr" Type="Edm.String" Nullable="false" MaxLength="8" sap:unicode="false" sap:label="Personnel No." sap:creatable="false"
					sap:updatable="false" sap:sortable="false" sap:filterable="false"/><Property Name="Subty" Type="Edm.String" Nullable="false" MaxLength="4" sap:unicode="false" sap:label="Subtype" sap:creatable="false"
					sap:updatable="false" sap:sortable="false" sap:filterable="false"/><Property Name="Begda" Type="Edm.DateTime" Nullable="false" Precision="7" sap:unicode="false" sap:label="Start Date" sap:creatable="false"
					sap:updatable="false" sap:sortable="false" sap:filterable="false"/><Property Name="Endda" Type="Edm.DateTime" Nullable="false" Precision="7" sap:unicode="false" sap:label="End Date" sap:creatable="false"
					sap:updatable="false" sap:sortable="false" sap:filterable="false"/><Property Name="Sname" Type="Edm.String" Nullable="false" MaxLength="30" sap:unicode="false" sap:label="Last/First Name"
					sap:creatable="false" sap:updatable="false" sap:sortable="false" sap:filterable="false"/><Property Name="Ename" Type="Edm.String" Nullable="false" MaxLength="40" sap:unicode="false" sap:label="Empl./appl.name"
					sap:creatable="false" sap:updatable="false" sap:sortable="false" sap:filterable="false"/><Property Name="Plans" Type="Edm.String" Nullable="false" MaxLength="20" sap:unicode="false" sap:label="Position" sap:creatable="false"
					sap:updatable="false" sap:sortable="false" sap:filterable="false"/><Property Name="Orgeh" Type="Edm.String" Nullable="false" MaxLength="20" sap:unicode="false" sap:label="Org. Unit" sap:creatable="false"
					sap:updatable="false" sap:sortable="false" sap:filterable="false"/><Property Name="Paygrade" Type="Edm.String" Nullable="false" MaxLength="10" sap:unicode="false" sap:label="Character Field with Length 10"
					sap:creatable="false" sap:updatable="false" sap:sortable="false" sap:filterable="false"/><Property Name="Location" Type="Edm.String" Nullable="false" MaxLength="20" sap:unicode="false" sap:label="Char20" sap:creatable="false"
					sap:updatable="false" sap:sortable="false" sap:filterable="false"/><Property Name="Mobile" Type="Edm.String" Nullable="false" MaxLength="20" sap:unicode="false" sap:label="Char20" sap:creatable="false"
					sap:updatable="false" sap:sortable="false" sap:filterable="false"/><Property Name="Email" Type="Edm.String" Nullable="false" MaxLength="241" sap:unicode="false" sap:label="Long ID/Number"
					sap:creatable="false" sap:updatable="false" sap:sortable="false" sap:filterable="false"/><Property Name="Fromdate" Type="Edm.DateTime" Nullable="false" Precision="7" sap:unicode="false" sap:label="Date" sap:creatable="false"
					sap:updatable="false" sap:sortable="false" sap:filterable="false"/><Property Name="Todate" Type="Edm.DateTime" Nullable="false" Precision="7" sap:unicode="false" sap:label="Date" sap:creatable="false"
					sap:updatable="false" sap:sortable="false" sap:filterable="false"/><Property Name="Purpose" Type="Edm.String" Nullable="false" MaxLength="100" sap:unicode="false" sap:label="Character 100"
					sap:creatable="false" sap:updatable="false" sap:sortable="false" sap:filterable="false"/><Property Name="Advance" Type="Edm.String" Nullable="false" MaxLength="30" sap:unicode="false" sap:label="30 Characters"
					sap:creatable="false" sap:updatable="false" sap:sortable="false" sap:filterable="false"/><Property Name="Perdiem" Type="Edm.String" Nullable="false" MaxLength="30" sap:unicode="false" sap:label="30 Characters"
					sap:creatable="false" sap:updatable="false" sap:sortable="false" sap:filterable="false"/><Property Name="Reason" Type="Edm.String" Nullable="false" MaxLength="50" sap:unicode="false" sap:label="c" sap:creatable="false"
					sap:updatable="false" sap:sortable="false" sap:filterable="false"/><Property Name="ChargesOn" Type="Edm.String" Nullable="false" MaxLength="30" sap:unicode="false" sap:label="30 Characters"
					sap:creatable="false" sap:updatable="false" sap:sortable="false" sap:filterable="false"/><Property Name="TicClass" Type="Edm.String" Nullable="false" MaxLength="20" sap:unicode="false" sap:label="Char20" sap:creatable="false"
					sap:updatable="false" sap:sortable="false" sap:filterable="false"/><Property Name="TicType" Type="Edm.String" Nullable="false" MaxLength="20" sap:unicode="false" sap:label="Char20" sap:creatable="false"
					sap:updatable="false" sap:sortable="false" sap:filterable="false"/><Property Name="TravDate" Type="Edm.DateTime" Precision="7" sap:unicode="false" sap:label="Date" sap:creatable="false" sap:updatable="false"
					sap:sortable="false" sap:filterable="false"/><Property Name="RetDate" Type="Edm.DateTime" Precision="7" sap:unicode="false" sap:label="Date" sap:creatable="false" sap:updatable="false"
					sap:sortable="false" sap:filterable="false"/><Property Name="TravUpgrade" Type="Edm.String" Nullable="false" MaxLength="10" sap:unicode="false"
					sap:label="Character Field with Length 10" sap:creatable="false" sap:updatable="false" sap:sortable="false" sap:filterable="false"/><Property Name="Muhram" Type="Edm.String" Nullable="false" MaxLength="10" sap:unicode="false" sap:label="Character Field with Length 10"
					sap:creatable="false" sap:updatable="false" sap:sortable="false" sap:filterable="false"/><Property Name="MuhFname" Type="Edm.String" Nullable="false" MaxLength="20" sap:unicode="false" sap:label="Char20" sap:creatable="false"
					sap:updatable="false" sap:sortable="false" sap:filterable="false"/><Property Name="HotelClass" Type="Edm.String" Nullable="false" MaxLength="30" sap:unicode="false" sap:label="30 Characters"
					sap:creatable="false" sap:updatable="false" sap:sortable="false" sap:filterable="false"/><Property Name="HotUpgrade" Type="Edm.String" Nullable="false" MaxLength="10" sap:unicode="false" sap:label="Character Field with Length 10"
					sap:creatable="false" sap:updatable="false" sap:sortable="false" sap:filterable="false"/><Property Name="Arrangement" Type="Edm.String" Nullable="false" MaxLength="20" sap:unicode="false" sap:label="Char20" sap:creatable="false"
					sap:updatable="false" sap:sortable="false" sap:filterable="false"/><Property Name="CarType" Type="Edm.String" Nullable="false" MaxLength="20" sap:unicode="false" sap:label="Char20" sap:creatable="false"
					sap:updatable="false" sap:sortable="false" sap:filterable="false"/></EntityType>
			<EntityType Name="CountryValhelp" sap:content-version="1">
				<Key><PropertyRef Name="Land1"/></Key><Property Name="Land1" Type="Edm.String" Nullable="false" MaxLength="3" sap:unicode="false" sap:label="Country/Reg." sap:creatable="false"
					sap:updatable="false" sap:sortable="false" sap:filterable="false"/><Property Name="Landx" Type="Edm.String" Nullable="false" MaxLength="15" sap:unicode="false" sap:label="Name" sap:creatable="false"
					sap:updatable="false" sap:sortable="false" sap:filterable="false"/><NavigationProperty Name="NavCountryToCity" Relationship="ZHR_TRIP_CREATE_SRV.CountryToCity" FromRole="FromRole_CountryToCity"
					ToRole="ToRole_CountryToCity"/></EntityType>
			<EntityType Name="TripType" sap:content-version="1">
				<Key><PropertyRef Name="Typeid"/></Key><Property Name="Typeid" Type="Edm.String" Nullable="false" MaxLength="10" sap:unicode="false" sap:label="Character Field with Length 10"
					sap:creatable="false" sap:updatable="false" sap:sortable="false" sap:filterable="false"/><Property Name="Type" Type="Edm.String" Nullable="false" MaxLength="20" sap:unicode="false" sap:label="Char20" sap:creatable="false"
					sap:updatable="false" sap:sortable="false" sap:filterable="false"/></EntityType>
			<EntityType Name="CityValhelp" sap:content-version="1">
				<Key><PropertyRef Name="Land1"/></Key><Property Name="Land1" Type="Edm.String" Nullable="false" MaxLength="3" sap:unicode="false" sap:label="Country/Reg." sap:creatable="false"
					sap:updatable="false" sap:sortable="false" sap:filterable="false"/><Property Name="Bland" Type="Edm.String" Nullable="false" MaxLength="3" sap:unicode="false" sap:label="Region" sap:creatable="false"
					sap:updatable="false" sap:sortable="false" sap:filterable="false"/><Property Name="Bezei" Type="Edm.String" Nullable="false" MaxLength="20" sap:unicode="false" sap:label="Description" sap:creatable="false"
					sap:updatable="false" sap:sortable="false" sap:filterable="false"/></EntityType>
			<Association Name="CountryToCity" sap:content-version="1"><End Type="ZHR_TRIP_CREATE_SRV.CountryValhelp" Multiplicity="1" Role="FromRole_CountryToCity"/><End Type="ZHR_TRIP_CREATE_SRV.CityValhelp" Multiplicity="*" Role="ToRole_CountryToCity"/>
				<ReferentialConstraint>
					<Principal Role="FromRole_CountryToCity"><PropertyRef Name="Land1"/></Principal>
					<Dependent Role="ToRole_CountryToCity"><PropertyRef Name="Land1"/></Dependent>
				</ReferentialConstraint>
			</Association>
			<EntityContainer Name="ZHR_TRIP_CREATE_SRV_Entities" m:IsDefaultEntityContainer="true" sap:supported-formats="atom json xlsx"><EntitySet Name="TripInfoSet" EntityType="ZHR_TRIP_CREATE_SRV.TripInfo" sap:creatable="false" sap:updatable="false" sap:deletable="false"
				sap:pageable="false" sap:content-version="1"/><EntitySet Name="CountryValhelpSet" EntityType="ZHR_TRIP_CREATE_SRV.CountryValhelp" sap:creatable="false" sap:updatable="false"
				sap:deletable="false" sap:pageable="false" sap:content-version="1"/><EntitySet Name="TripTypeSet" EntityType="ZHR_TRIP_CREATE_SRV.TripType" sap:creatable="false" sap:updatable="false" sap:deletable="false"
				sap:pageable="false" sap:content-version="1"/><EntitySet Name="CityValhelpSet" EntityType="ZHR_TRIP_CREATE_SRV.CityValhelp" sap:creatable="false" sap:updatable="false"
				sap:deletable="false" sap:pageable="false" sap:content-version="1"/>
				<AssociationSet Name="CountryToCitySet" Association="ZHR_TRIP_CREATE_SRV.CountryToCity" sap:creatable="false" sap:updatable="false"
					sap:deletable="false" sap:content-version="1"><End EntitySet="CountryValhelpSet" Role="FromRole_CountryToCity"/><End EntitySet="CityValhelpSet" Role="ToRole_CountryToCity"/></AssociationSet>
			</EntityContainer><atom:link xmlns:atom="http://www.w3.org/2005/Atom" rel="self" href="https://jcddevds4:443/sap/opu/odata/sap/ZHR_TRIP_CREATE_SRV/$metadata"/><atom:link xmlns:atom="http://www.w3.org/2005/Atom" rel="latest-version"
				href="https://jcddevds4:443/sap/opu/odata/sap/ZHR_TRIP_CREATE_SRV/$metadata"/></Schema>
	</edmx:DataServices>
</edmx:Edmx>