<edmx:Edmx xmlns:edmx="http://schemas.microsoft.com/ado/2007/06/edmx"
	xmlns:m="http://schemas.microsoft.com/ado/2007/08/dataservices/metadata" xmlns:sap="http://www.sap.com/Protocols/SAPData" Version="1.0">
	<edmx:DataServices m:DataServiceVersion="2.0">
		<Schema xmlns="http://schemas.microsoft.com/ado/2008/09/edm" Namespace="ZPP_IPI_INS_UNIT_SRV" xml:lang="en" sap:schema-version="1">
			<EntityType Name="ZQC_INS_SF_SLT_T" sap:content-version="1">
				<Key>
					<PropertyRef Name="INSPECTION_ID"/>
				</Key>
				<Property Name="INSPECTION_ID" Type="Edm.String" Nullable="false" MaxLength="10" sap:label="Inspection ID for Process Inspection"
					sap:creatable="false" sap:updatable="false" sap:sortable="false" sap:filterable="false"/>
				<Property Name="PRODUCTION_ORDER_NO" Type="Edm.String" MaxLength="12" sap:label="Order Number" sap:creatable="false" sap:updatable="false"
					sap:sortable="false" sap:filterable="false"/>
				<Property Name="SHIFT" Type="Edm.String" MaxLength="1" sap:label="Shift" sap:creatable="false" sap:updatable="false" sap:sortable="false"
					sap:filterable="false"/>
				<Property Name="SUBMIT_BY" Type="Edm.String" MaxLength="12" sap:label="User who created the record" sap:creatable="false"
					sap:updatable="false" sap:sortable="false" sap:filterable="false"/>
				<Property Name="BATCH_NO" Type="Edm.String" MaxLength="10" sap:label="Batch Number" sap:creatable="false" sap:updatable="false"
					sap:sortable="false" sap:filterable="false"/>
				<Property Name="INSPECTION_DEPT" Type="Edm.String" MaxLength="40" sap:label="Department" sap:creatable="false" sap:updatable="false"
					sap:sortable="false" sap:filterable="false"/>
				<Property Name="PLANT_ID" Type="Edm.String" MaxLength="4" sap:label="Plant" sap:creatable="false" sap:updatable="false" sap:sortable="false"
					sap:filterable="false"/>
				<Property Name="PLANT_NAME" Type="Edm.String" MaxLength="30" sap:label="Name" sap:creatable="false" sap:updatable="false"
					sap:sortable="false" sap:filterable="false"/>
				<Property Name="BASIC_START_DATE" Type="Edm.DateTime" Precision="8" sap:label="Basic Start Date" sap:creatable="false" sap:updatable="false"
					sap:sortable="false" sap:filterable="false"/>
				<Property Name="WORK_CENTER" Type="Edm.String" MaxLength="40" sap:label="Short description" sap:creatable="false" sap:updatable="false"
					sap:sortable="false" sap:filterable="false"/>
				<Property Name="BASIC_FINISH_DATE" Type="Edm.DateTime" Precision="8" sap:label="Basic finish date" sap:creatable="false"
					sap:updatable="false" sap:sortable="false" sap:filterable="false"/>
				<Property Name="MATERIAL_ID" Type="Edm.String" MaxLength="18" sap:label="Material Number" sap:creatable="false" sap:updatable="false"
					sap:sortable="false" sap:filterable="false"/>
				<Property Name="TOTAL_CNF_QTY" Type="Edm.Decimal" Precision="13" Scale="3" sap:label="Yield confirmed from order confirmation"
					sap:creatable="false" sap:updatable="false" sap:sortable="false" sap:filterable="false"/>
				<Property Name="MATERIAL_DESC" Type="Edm.String" MaxLength="40" sap:label="Material Description (Short Text)" sap:creatable="false"
					sap:updatable="false" sap:sortable="false" sap:filterable="false"/>
				<Property Name="TOTAL_DLV_QTY" Type="Edm.Decimal" Precision="13" Scale="3" sap:label="Quantity of goods received for the order item"
					sap:creatable="false" sap:updatable="false" sap:sortable="false" sap:filterable="false"/>
				<Property Name="PLANT_STAT" Type="Edm.String" MaxLength="10" sap:label="Plant Status" sap:creatable="false" sap:updatable="false"
					sap:sortable="false" sap:filterable="false"/>
				<Property Name="PLANT_REMARKS" Type="Edm.String" MaxLength="100" sap:label="Inspection Remarks" sap:creatable="false" sap:updatable="false"
					sap:sortable="false" sap:filterable="false"/>
				<Property Name="APP_RAW_SLT_STAT" Type="Edm.String" MaxLength="10" sap:label="Status For Fiori Applications" sap:creatable="false"
					sap:updatable="false" sap:sortable="false" sap:filterable="false"/>
				<Property Name="APP_RAW_SLT_REM" Type="Edm.String" MaxLength="100" sap:label="Inspection Remarks" sap:creatable="false"
					sap:updatable="false" sap:sortable="false" sap:filterable="false"/>
				<Property Name="CLEAN_JAWS_STAT" Type="Edm.String" MaxLength="10" sap:label="Status For Fiori Applications" sap:creatable="false"
					sap:updatable="false" sap:sortable="false" sap:filterable="false"/>
				<Property Name="CLEAN_JAWS_REM" Type="Edm.String" MaxLength="100" sap:label="Inspection Remarks" sap:creatable="false" sap:updatable="false"
					sap:sortable="false" sap:filterable="false"/>
				<Property Name="APP_BRN_STAT" Type="Edm.String" MaxLength="10" sap:label="Status For Fiori Applications" sap:creatable="false"
					sap:updatable="false" sap:sortable="false" sap:filterable="false"/>
				<Property Name="APP_BRN_REM" Type="Edm.String" MaxLength="100" sap:label="Inspection Remarks" sap:creatable="false" sap:updatable="false"
					sap:sortable="false" sap:filterable="false"/>
				<Property Name="MAN_SORT_STAT" Type="Edm.String" MaxLength="10" sap:label="Status For Fiori Applications" sap:creatable="false"
					sap:updatable="false" sap:sortable="false" sap:filterable="false"/>
				<Property Name="MAN_SORT_REM" Type="Edm.String" MaxLength="100" sap:label="Inspection Remarks" sap:creatable="false" sap:updatable="false"
					sap:sortable="false" sap:filterable="false"/>
				<Property Name="MAG_CLN_STAT" Type="Edm.String" MaxLength="10" sap:label="Status For Fiori Applications" sap:creatable="false"
					sap:updatable="false" sap:sortable="false" sap:filterable="false"/>
				<Property Name="MAG_CLN_REM" Type="Edm.String" MaxLength="100" sap:label="Inspection Remarks" sap:creatable="false" sap:updatable="false"
					sap:sortable="false" sap:filterable="false"/>
				<Property Name="CURR_WORK_STAT" Type="Edm.String" MaxLength="10" sap:label="Status For Fiori Applications" sap:creatable="false"
					sap:updatable="false" sap:sortable="false" sap:filterable="false"/>
				<Property Name="CURR_WORK_REM" Type="Edm.String" MaxLength="100" sap:label="Inspection Remarks" sap:creatable="false" sap:updatable="false"
					sap:sortable="false" sap:filterable="false"/>
				<Property Name="IODINE_STAT" Type="Edm.String" MaxLength="10" sap:label="Status For Fiori Applications" sap:creatable="false"
					sap:updatable="false" sap:sortable="false" sap:filterable="false"/>
				<Property Name="IODINE_REM" Type="Edm.String" MaxLength="100" sap:label="Inspection Remarks" sap:creatable="false" sap:updatable="false"
					sap:sortable="false" sap:filterable="false"/>
				<Property Name="PLANT_SPEED_VAL" Type="Edm.String" MaxLength="25" sap:label="Plant Speed Value" sap:creatable="false" sap:updatable="false"
					sap:sortable="false" sap:filterable="false"/>
				<Property Name="PLANT_SPEED_REM" Type="Edm.String" MaxLength="100" sap:label="Inspection Remarks" sap:creatable="false"
					sap:updatable="false" sap:sortable="false" sap:filterable="false"/>
				<Property Name="IODINE_FLOW_VAL" Type="Edm.String" MaxLength="25" sap:label="Iodine Flow Value" sap:creatable="false" sap:updatable="false"
					sap:sortable="false" sap:filterable="false"/>
				<Property Name="IODINE_FLOW_STAT" Type="Edm.String" MaxLength="100" sap:label="Inspection Remarks" sap:creatable="false"
					sap:updatable="false" sap:sortable="false" sap:filterable="false"/>
				<Property Name="PART_SIZE_60_VAL" Type="Edm.Decimal" Precision="12" Scale="0" sap:label="Particle Size 60 Mesh" sap:creatable="false"
					sap:updatable="false" sap:sortable="false" sap:filterable="false"/>
				<Property Name="PART_SIZE_60_REM" Type="Edm.String" MaxLength="100" sap:label="Inspection Remarks" sap:creatable="false"
					sap:updatable="false" sap:sortable="false" sap:filterable="false"/>
				<Property Name="PART_SIZE_10_VAL" Type="Edm.Decimal" Precision="12" Scale="0" sap:label="Particle Size 10 Mesh" sap:creatable="false"
					sap:updatable="false" sap:sortable="false" sap:filterable="false"/>
				<Property Name="PART_SIZE_10_REM" Type="Edm.String" MaxLength="100" sap:label="Inspection Remarks" sap:creatable="false"
					sap:updatable="false" sap:sortable="false" sap:filterable="false"/>
				<Property Name="PART_SIZE_16_VAL" Type="Edm.Decimal" Precision="12" Scale="0" sap:label="Particle Size 16 Mesh" sap:creatable="false"
					sap:updatable="false" sap:sortable="false" sap:filterable="false"/>
				<Property Name="PART_SIZE_16_REM" Type="Edm.String" MaxLength="100" sap:label="Inspection Remarks" sap:creatable="false"
					sap:updatable="false" sap:sortable="false" sap:filterable="false"/>
				<Property Name="IODINE2_VAL" Type="Edm.Decimal" Precision="12" Scale="0" sap:label="Iodine Value" sap:creatable="false"
					sap:updatable="false" sap:sortable="false" sap:filterable="false"/>
				<Property Name="IODINE2_REM" Type="Edm.String" MaxLength="100" sap:label="Inspection Remarks" sap:creatable="false" sap:updatable="false"
					sap:sortable="false" sap:filterable="false"/>
				<Property Name="PURITY_VAL" Type="Edm.Decimal" Precision="12" Scale="0" sap:label="Purity Value" sap:creatable="false" sap:updatable="false"
					sap:sortable="false" sap:filterable="false"/>
				<Property Name="PURITY_REM" Type="Edm.String" MaxLength="100" sap:label="Inspection Remarks" sap:creatable="false" sap:updatable="false"
					sap:sortable="false" sap:filterable="false"/>
				<Property Name="PARTICLE_STAT" Type="Edm.String" MaxLength="10" sap:label="Status For Fiori Applications" sap:creatable="false"
					sap:updatable="false" sap:sortable="false" sap:filterable="false"/>
				<Property Name="PARTICLE_REM" Type="Edm.String" MaxLength="100" sap:label="Inspection Remarks" sap:creatable="false" sap:updatable="false"
					sap:sortable="false" sap:filterable="false"/>
				<Property Name="GMP_COMP_STAT" Type="Edm.String" MaxLength="10" sap:label="Status For Fiori Applications" sap:creatable="false"
					sap:updatable="false" sap:sortable="false" sap:filterable="false"/>
				<Property Name="GMP_COMP_REM" Type="Edm.String" MaxLength="100" sap:label="Inspection Remarks" sap:creatable="false" sap:updatable="false"
					sap:sortable="false" sap:filterable="false"/>
				<Property Name="PROD_APPR_VAL" Type="Edm.String" MaxLength="10" sap:label="Product Appearence" sap:creatable="false" sap:updatable="false"
					sap:sortable="false" sap:filterable="false"/>
				<Property Name="PROD_APPR_REM" Type="Edm.String" MaxLength="100" sap:label="Product Appearence Remarks" sap:creatable="false"
					sap:updatable="false" sap:sortable="false" sap:filterable="false"/>
				<Property Name="OVERALL_REM" Type="Edm.String" MaxLength="100" sap:label="Inspection Remarks" sap:creatable="false" sap:updatable="false"
					sap:sortable="false" sap:filterable="false"/>
				<Property Name="CREATE_BY" Type="Edm.String" MaxLength="12" sap:label="User who created the record" sap:creatable="false"
					sap:updatable="false" sap:sortable="false" sap:filterable="false"/>
				<Property Name="CREATE_DT" Type="Edm.DateTime" Precision="8" sap:label="Date" sap:creatable="false" sap:updatable="false"
					sap:sortable="false" sap:filterable="false"/>
				<Property Name="UPDATE_BY" Type="Edm.String" MaxLength="12" sap:label="User who created the record" sap:creatable="false"
					sap:updatable="false" sap:sortable="false" sap:filterable="false"/>
				<Property Name="UPDATE_DT" Type="Edm.DateTime" Precision="8" sap:label="Date" sap:creatable="false" sap:updatable="false"
					sap:sortable="false" sap:filterable="false"/>
				<Property Name="DEPT_TYP" Type="Edm.String" MaxLength="2" sap:label="Dept Type" sap:creatable="false" sap:updatable="false"
					sap:sortable="false" sap:filterable="false"/>
				<Property Name="STATUS" Type="Edm.String" MaxLength="1" sap:label="Inspection Status" sap:creatable="false" sap:updatable="false"
					sap:sortable="false" sap:filterable="false"/>
			</EntityType>
			<EntityType Name="ZTB_QM_IPI_IMG" m:HasStream="true" sap:content-version="1">
				<Key>
					<PropertyRef Name="InspectionId"/>
					<PropertyRef Name="ProcessId"/>
				</Key>
				<Property Name="InspectionId" Type="Edm.String" Nullable="false" MaxLength="10" sap:label="Inspection ID for Process Inspection"
					sap:creatable="false" sap:updatable="false" sap:sortable="false"/>
				<Property Name="ProcessId" Type="Edm.String" Nullable="false" MaxLength="2" sap:label="PROCESS INSPECTION ID'S" sap:creatable="false"
					sap:updatable="false" sap:sortable="false"/>
				<Property Name="Filename" Type="Edm.String" Nullable="false" MaxLength="200" sap:label="Text (200 char)" sap:creatable="false"
					sap:updatable="false" sap:sortable="false" sap:filterable="false"/>
				<Property Name="Sydate" Type="Edm.DateTime" Nullable="false" Precision="7" sap:label="Current Date" sap:creatable="false"
					sap:updatable="false" sap:sortable="false" sap:filterable="false"/>
				<Property Name="Sytime" Type="Edm.Time" Nullable="false" Precision="0" sap:label="Time" sap:creatable="false" sap:updatable="false"
					sap:sortable="false" sap:filterable="false"/>
				<Property Name="Mimetype" Type="Edm.String" Nullable="false" MaxLength="100" sap:label="Character 100" sap:creatable="false"
					sap:updatable="false" sap:sortable="false" sap:filterable="false"/>
			</EntityType>
			<EntityType Name="ZST_AFKO" sap:content-version="1">
				<Key>
					<PropertyRef Name="Aufnr"/>
					<PropertyRef Name="Dauat"/>
				</Key>
				<Property Name="Aufnr" Type="Edm.String" Nullable="false" MaxLength="12" sap:label="Order" sap:creatable="false" sap:updatable="false"
					sap:sortable="false" sap:filterable="false"/>
				<Property Name="Dauat" Type="Edm.String" Nullable="false" MaxLength="4" sap:label="Order Type" sap:creatable="false" sap:updatable="false"
					sap:sortable="false" sap:filterable="false"/>
				<Property Name="Gltrp" Type="Edm.DateTime" Nullable="false" Precision="7" sap:label="Basic fin. date" sap:creatable="false"
					sap:updatable="false" sap:sortable="false" sap:filterable="false"/>
				<Property Name="Pomaktx" Type="Edm.String" Nullable="false" MaxLength="60" sap:label="Pomaterial" sap:creatable="false"
					sap:updatable="false" sap:sortable="false" sap:filterable="false"/>
			</EntityType>
			<EntityType Name="ZST_AFPO_BATCH" sap:content-version="1">
				<Key>
					<PropertyRef Name="CHARG"/>
				</Key>
				<Property Name="CHARG" Type="Edm.String" Nullable="false" MaxLength="10" sap:label="Batch Number" sap:creatable="false"
					sap:updatable="false" sap:sortable="false" sap:filterable="false"/>
				<Property Name="WERKS" Type="Edm.String" Nullable="false" MaxLength="4" sap:label="Plant" sap:creatable="false" sap:updatable="false"
					sap:sortable="false" sap:filterable="false"/>
				<Property Name="NAME1" Type="Edm.String" Nullable="false" MaxLength="30" sap:label="Name" sap:creatable="false" sap:updatable="false"
					sap:sortable="false" sap:filterable="false"/>
				<Property Name="KTEXT" Type="Edm.String" Nullable="false" MaxLength="40" sap:label="Short description" sap:creatable="false"
					sap:updatable="false" sap:sortable="false" sap:filterable="false"/>
				<Property Name="MATNR" Type="Edm.String" Nullable="false" MaxLength="18" sap:label="Material Number" sap:creatable="false"
					sap:updatable="false" sap:sortable="false" sap:filterable="false"/>
				<Property Name="MAKTX" Type="Edm.String" Nullable="false" MaxLength="40" sap:label="Material Description (Short Text)" sap:creatable="false"
					sap:updatable="false" sap:sortable="false" sap:filterable="false"/>
				<Property Name="AUFNR" Type="Edm.String" Nullable="false" MaxLength="12" sap:label="Order Number" sap:creatable="false"
					sap:updatable="false" sap:sortable="false" sap:filterable="false"/>
				<Property Name="GSTRP" Type="Edm.DateTime" Nullable="false" Precision="8" sap:label="Basic Start Date" sap:creatable="false"
					sap:updatable="false" sap:sortable="false" sap:filterable="false"/>
				<Property Name="GLTRP" Type="Edm.DateTime" Nullable="false" Precision="8" sap:label="Basic finish date" sap:creatable="false"
					sap:updatable="false" sap:sortable="false" sap:filterable="false"/>
				<Property Name="DAUAT" Type="Edm.String" Nullable="false" MaxLength="4" sap:label="Order Type" sap:creatable="false" sap:updatable="false"
					sap:sortable="false" sap:filterable="false"/>
				<Property Name="IGMNG" Type="Edm.Decimal" Nullable="false" Precision="13" Scale="3" sap:label="Yield confirmed from order confirmation"
					sap:creatable="false" sap:updatable="false" sap:sortable="false" sap:filterable="false"/>
				<Property Name="WEMNG" Type="Edm.Decimal" Nullable="false" Precision="13" Scale="3"
					sap:label="Quantity of goods received for the order item" sap:creatable="false" sap:updatable="false" sap:sortable="false"
					sap:filterable="false"/>
				<Property Name="INSPECTION_DEPT" Type="Edm.String" Nullable="false" MaxLength="40" sap:label="Department" sap:creatable="false"
					sap:updatable="false" sap:sortable="false" sap:filterable="false"/>
				<Property Name="PO_MAKTX" Type="Edm.String" Nullable="false" MaxLength="60" sap:label="PO Maktx" sap:creatable="false" sap:updatable="false"
					sap:sortable="false" sap:filterable="false"/>
			</EntityType>
			<EntityType Name="ZST_MARA" sap:content-version="1">
				<Key>
					<PropertyRef Name="Matnr"/>
				</Key>
				<Property Name="Matnr" Type="Edm.String" Nullable="false" MaxLength="18" sap:label="Material" sap:creatable="false" sap:updatable="false"
					sap:sortable="false" sap:filterable="false"/>
				<Property Name="Maktx" Type="Edm.String" Nullable="false" MaxLength="40" sap:label="Description" sap:creatable="false" sap:updatable="false"
					sap:sortable="false" sap:filterable="false"/>
			</EntityType>
			<EntityType Name="WEITRANGE" sap:content-version="1">
				<Key>
					<PropertyRef Name="Matnr"/>
				</Key>
				<Property Name="Matnr" Type="Edm.String" Nullable="false" MaxLength="18" sap:label="Material" sap:creatable="false" sap:updatable="false"
					sap:sortable="false" sap:filterable="false"/>
				<Property Name="Weight" Type="Edm.Int32" Nullable="false" sap:label="Weight" sap:creatable="false" sap:updatable="false"
					sap:sortable="false" sap:filterable="false"/>
				<Property Name="Minimumweight" Type="Edm.Decimal" Nullable="false" Precision="11" Scale="0" sap:label="Minimum weight" sap:creatable="false"
					sap:updatable="false" sap:sortable="false" sap:filterable="false"/>
				<Property Name="Maximumweight" Type="Edm.Int32" Nullable="false" sap:label="Maximum Weight" sap:creatable="false" sap:updatable="false"
					sap:sortable="false" sap:filterable="false"/>
			</EntityType>
			<EntityType Name="ZTB_QM_IPI_WEIT" sap:content-version="1">
				<Key>
					<PropertyRef Name="Inspection_Id"/>
					<PropertyRef Name="Process_Id"/>
					<PropertyRef Name="WeightId"/>
				</Key>
				<Property Name="Inspection_Id" Type="Edm.String" Nullable="false" MaxLength="10" sap:label="Inspection ID for Process Inspection"
					sap:creatable="false" sap:updatable="false" sap:sortable="false" sap:filterable="false"/>
				<Property Name="Unit" Type="Edm.String" Nullable="false" MaxLength="3" sap:label="Base Unit" sap:creatable="false" sap:updatable="false"
					sap:sortable="false" sap:filterable="false" sap:semantics="unit-of-measure"/>
				<Property Name="Process_Id" Type="Edm.String" Nullable="false" MaxLength="2" sap:label="PROCESS INSPECTION ID'S" sap:creatable="false"
					sap:updatable="false" sap:sortable="false" sap:filterable="false"/>
				<Property Name="WeightId" Type="Edm.String" Nullable="false" MaxLength="12" sap:label="Weight ID's" sap:creatable="false"
					sap:updatable="false" sap:sortable="false" sap:filterable="false"/>
				<Property Name="PACKAGE_TYPE" Type="Edm.String" Nullable="false" MaxLength="10" sap:label="Package Type" sap:creatable="false"
					sap:updatable="false" sap:sortable="false" sap:filterable="false"/>
				<Property Name="Weight" Type="Edm.Decimal" Nullable="false" Precision="13" Scale="3" sap:label="Weights" sap:creatable="false"
					sap:updatable="false" sap:sortable="false" sap:filterable="false"/>
			</EntityType>
			<EntityType Name="ZTB_QM_MACHINFO" sap:content-version="1">
				<Key>
					<PropertyRef Name="MachineId"/>
				</Key>
				<Property Name="MachineId" Type="Edm.String" Nullable="false" MaxLength="3" sap:label="Machine ID" sap:creatable="false"
					sap:updatable="false" sap:sortable="false" sap:filterable="false"/>
				<Property Name="PLANT" Type="Edm.String" Nullable="false" MaxLength="4" sap:label="Plant" sap:creatable="false" sap:updatable="false"
					sap:sortable="false" sap:filterable="false"/>
				<Property Name="MachineDesc" Type="Edm.String" Nullable="false" MaxLength="100" sap:label="MACHINE_DESC" sap:creatable="false"
					sap:updatable="false" sap:sortable="false" sap:filterable="false"/>
				<Property Name="ProcessId" Type="Edm.String" Nullable="false" MaxLength="2" sap:label="PROCESS INSPECTION ID'S" sap:creatable="false"
					sap:updatable="false" sap:sortable="false" sap:filterable="false"/>
				<Property Name="TaskSheetName" Type="Edm.String" Nullable="false" MaxLength="100" sap:label="TASK_SHEET_NAME" sap:creatable="false"
					sap:updatable="false" sap:sortable="false" sap:filterable="false"/>
			</EntityType>
			<EntityType Name="ZQC_INS_FN_SLT_T" sap:content-version="1">
				<Key>
					<PropertyRef Name="INSPECTION_ID"/>
				</Key>
				<Property Name="INSPECTION_ID" Type="Edm.String" Nullable="false" MaxLength="10" sap:label="Inspection Id for Process" sap:creatable="false"
					sap:updatable="false" sap:sortable="false" sap:filterable="false"/>
				<Property Name="PRODUCTION_ORDER_NO" Type="Edm.String" MaxLength="12" sap:label="Order Number" sap:creatable="false" sap:updatable="false"
					sap:sortable="false" sap:filterable="false"/>
				<Property Name="SHIFT" Type="Edm.String" MaxLength="1" sap:label="Shift" sap:creatable="false" sap:updatable="false" sap:sortable="false"
					sap:filterable="false"/>
				<Property Name="MACHINE_ID" Type="Edm.String" MaxLength="5" sap:label="Machine ID" sap:creatable="false" sap:updatable="false"
					sap:sortable="false" sap:filterable="false"/>
				<Property Name="SUBMIT_BY" Type="Edm.String" MaxLength="12" sap:label="User who created the record" sap:creatable="false"
					sap:updatable="false" sap:sortable="false" sap:filterable="false"/>
				<Property Name="BATCH_NO" Type="Edm.String" MaxLength="10" sap:label="Batch Number" sap:creatable="false" sap:updatable="false"
					sap:sortable="false" sap:filterable="false"/>
				<Property Name="INSPECTION_DEPT" Type="Edm.String" MaxLength="40" sap:label="Department" sap:creatable="false" sap:updatable="false"
					sap:sortable="false" sap:filterable="false"/>
				<Property Name="PLANT_ID" Type="Edm.String" MaxLength="4" sap:label="Plant" sap:creatable="false" sap:updatable="false" sap:sortable="false"
					sap:filterable="false"/>
				<Property Name="PLANT_NAME" Type="Edm.String" MaxLength="30" sap:label="Name" sap:creatable="false" sap:updatable="false"
					sap:sortable="false" sap:filterable="false"/>
				<Property Name="BASIC_START_DATE" Type="Edm.DateTime" Precision="8" sap:label="Basic Start Date" sap:creatable="false" sap:updatable="false"
					sap:sortable="false" sap:filterable="false"/>
				<Property Name="WORK_CENTER" Type="Edm.String" MaxLength="40" sap:label="Short description" sap:creatable="false" sap:updatable="false"
					sap:sortable="false" sap:filterable="false"/>
				<Property Name="BASIC_FINISH_DATE" Type="Edm.DateTime" Precision="8" sap:label="Basic finish date" sap:creatable="false"
					sap:updatable="false" sap:sortable="false" sap:filterable="false"/>
				<Property Name="MATERIAL_ID" Type="Edm.String" MaxLength="18" sap:label="Material Number" sap:creatable="false" sap:updatable="false"
					sap:sortable="false" sap:filterable="false"/>
				<Property Name="TOTAL_CNF_QTY" Type="Edm.Decimal" Precision="13" Scale="3" sap:label="Yield confirmed from order confirmation"
					sap:creatable="false" sap:updatable="false" sap:sortable="false" sap:filterable="false"/>
				<Property Name="MATERIAL_DESC" Type="Edm.String" MaxLength="40" sap:label="Material Description (Short Text)" sap:creatable="false"
					sap:updatable="false" sap:sortable="false" sap:filterable="false"/>
				<Property Name="TOTAL_DLV_QTY" Type="Edm.Decimal" Precision="13" Scale="3" sap:label="Quantity of goods received for the order item"
					sap:creatable="false" sap:updatable="false" sap:sortable="false" sap:filterable="false"/>
				<Property Name="MACHINE_STAT" Type="Edm.String" MaxLength="10" sap:label="Plant Status" sap:creatable="false" sap:updatable="false"
					sap:sortable="false" sap:filterable="false"/>
				<Property Name="MACHINE_REMARKS" Type="Edm.String" MaxLength="100" sap:label="Inspection Remarks" sap:creatable="false"
					sap:updatable="false" sap:sortable="false" sap:filterable="false"/>
				<Property Name="MESH_INSTAL_VAL" Type="Edm.String" MaxLength="10" sap:label="Status For Fiori Applications" sap:creatable="false"
					sap:updatable="false" sap:sortable="false" sap:filterable="false"/>
				<Property Name="MESH_INSTAL_REM" Type="Edm.String" MaxLength="100" sap:label="Inspection Remarks" sap:creatable="false"
					sap:updatable="false" sap:sortable="false" sap:filterable="false"/>
				<Property Name="PROD_TEMP_VAL" Type="Edm.Decimal" Precision="12" Scale="0" sap:label="Product Temperature" sap:creatable="false"
					sap:updatable="false" sap:sortable="false" sap:filterable="false"/>
				<Property Name="PROD_TEMP_REM" Type="Edm.String" MaxLength="100" sap:label="Inspection Remarks" sap:creatable="false" sap:updatable="false"
					sap:sortable="false" sap:filterable="false"/>
				<Property Name="POUCH_VERT_VAL" Type="Edm.Decimal" Precision="12" Scale="0" sap:label="Pouch Vertical Sealing" sap:creatable="false"
					sap:updatable="false" sap:sortable="false" sap:filterable="false"/>
				<Property Name="POUCH_VERT_REM" Type="Edm.String" MaxLength="100" sap:label="Inspection Remarks" sap:creatable="false" sap:updatable="false"
					sap:sortable="false" sap:filterable="false"/>
				<Property Name="POUCH_TOP_VAL" Type="Edm.Decimal" Precision="12" Scale="0" sap:label="Pouch Top Sealing" sap:creatable="false"
					sap:updatable="false" sap:sortable="false" sap:filterable="false"/>
				<Property Name="POUCH_TOP_REM" Type="Edm.String" MaxLength="100" sap:label="Inspection Remarks" sap:creatable="false" sap:updatable="false"
					sap:sortable="false" sap:filterable="false"/>
				<Property Name="POUCH_HOR_VAL" Type="Edm.Decimal" Precision="12" Scale="0" sap:label="Pouch Horizontal Sealing" sap:creatable="false"
					sap:updatable="false" sap:sortable="false" sap:filterable="false"/>
				<Property Name="POUCH_HOR_REM" Type="Edm.String" MaxLength="100" sap:label="Inspection Remarks" sap:creatable="false" sap:updatable="false"
					sap:sortable="false" sap:filterable="false"/>
				<Property Name="MFG_DATE_P_VAL" Type="Edm.DateTime" Precision="8" sap:label="Manufacturing Date Pouch" sap:creatable="false"
					sap:updatable="false" sap:sortable="false" sap:filterable="false"/>
				<Property Name="MFG_DATE_P_REM" Type="Edm.String" MaxLength="100" sap:label="Inspection Remarks" sap:creatable="false" sap:updatable="false"
					sap:sortable="false" sap:filterable="false"/>
				<Property Name="CODING_P_VAL" Type="Edm.String" MaxLength="25" sap:label="Coding/Printing Readibility Pouch" sap:creatable="false"
					sap:updatable="false" sap:sortable="false" sap:filterable="false"/>
				<Property Name="CODING_P_REM" Type="Edm.String" MaxLength="100" sap:label="Inspection Remarks" sap:creatable="false" sap:updatable="false"
					sap:sortable="false" sap:filterable="false"/>
				<Property Name="PRINT_POS_VAL" Type="Edm.String" MaxLength="25" sap:label="Printing Position Pouch" sap:creatable="false"
					sap:updatable="false" sap:sortable="false" sap:filterable="false"/>
				<Property Name="PRINT_POS_REM" Type="Edm.String" MaxLength="100" sap:label="Inspection Remarks" sap:creatable="false" sap:updatable="false"
					sap:sortable="false" sap:filterable="false"/>
				<Property Name="LICENSE_VAL" Type="Edm.String" MaxLength="25" sap:label="License Number" sap:creatable="false" sap:updatable="false"
					sap:sortable="false" sap:filterable="false"/>
				<Property Name="LICENSE_REM" Type="Edm.String" MaxLength="100" sap:label="Inspection Remarks" sap:creatable="false" sap:updatable="false"
					sap:sortable="false" sap:filterable="false"/>
				<Property Name="CART_COND_VAL" Type="Edm.String" MaxLength="10" sap:label="Status For Fiori Applications" sap:creatable="false"
					sap:updatable="false" sap:sortable="false" sap:filterable="false"/>
				<Property Name="CART_COND_REM" Type="Edm.String" MaxLength="100" sap:label="Inspection Remarks" sap:creatable="false" sap:updatable="false"
					sap:sortable="false" sap:filterable="false"/>
				<Property Name="MFG_DATE_C_VAL" Type="Edm.DateTime" Precision="8" sap:label="Manufacturing Date Carton" sap:creatable="false"
					sap:updatable="false" sap:sortable="false" sap:filterable="false"/>
				<Property Name="MFG_DATE_C_REM" Type="Edm.String" MaxLength="100" sap:label="Inspection Remarks" sap:creatable="false" sap:updatable="false"
					sap:sortable="false" sap:filterable="false"/>
				<Property Name="BB_END_DATE_VAL" Type="Edm.DateTime" Precision="8" sap:label="BB End Date" sap:creatable="false" sap:updatable="false"
					sap:sortable="false" sap:filterable="false"/>
				<Property Name="BB_END_DATE_REM" Type="Edm.String" MaxLength="100" sap:label="Inspection Remarks" sap:creatable="false"
					sap:updatable="false" sap:sortable="false" sap:filterable="false"/>
				<Property Name="CODING_C_VAL" Type="Edm.String" MaxLength="25" sap:label="Coding/Printing Carton" sap:creatable="false"
					sap:updatable="false" sap:sortable="false" sap:filterable="false"/>
				<Property Name="CODING_C_REM" Type="Edm.String" MaxLength="100" sap:label="Inspection Remarks" sap:creatable="false" sap:updatable="false"
					sap:sortable="false" sap:filterable="false"/>
				<Property Name="CART_STRIP_VAL" Type="Edm.String" MaxLength="10" sap:label="Status For Fiori Applications" sap:creatable="false"
					sap:updatable="false" sap:sortable="false" sap:filterable="false"/>
				<Property Name="CART_STRIP_REM" Type="Edm.String" MaxLength="100" sap:label="Inspection Remarks" sap:creatable="false" sap:updatable="false"
					sap:sortable="false" sap:filterable="false"/>
				<Property Name="PALLET_VAL" Type="Edm.String" MaxLength="10" sap:label="Status For Fiori Applications" sap:creatable="false"
					sap:updatable="false" sap:sortable="false" sap:filterable="false"/>
				<Property Name="PALLET_REM" Type="Edm.String" MaxLength="100" sap:label="Inspection Remarks" sap:creatable="false" sap:updatable="false"
					sap:sortable="false" sap:filterable="false"/>
				<Property Name="GMP_COMP_VAL" Type="Edm.String" MaxLength="10" sap:label="Status For Fiori Applications" sap:creatable="false"
					sap:updatable="false" sap:sortable="false" sap:filterable="false"/>
				<Property Name="GMP_COMP_REM" Type="Edm.String" MaxLength="100" sap:label="Inspection Remarks" sap:creatable="false" sap:updatable="false"
					sap:sortable="false" sap:filterable="false"/>
				<Property Name="OVER_ALL_REM" Type="Edm.String" MaxLength="100" sap:label="Inspection Remarks" sap:creatable="false" sap:updatable="false"
					sap:sortable="false" sap:filterable="false"/>
				<Property Name="CREATE_BY" Type="Edm.String" MaxLength="12" sap:label="User who created the record" sap:creatable="false"
					sap:updatable="false" sap:sortable="false" sap:filterable="false"/>
				<Property Name="CREATE_DT" Type="Edm.DateTime" Precision="8" sap:label="Date" sap:creatable="false" sap:updatable="false"
					sap:sortable="false" sap:filterable="false"/>
				<Property Name="UPDATE_BY" Type="Edm.String" MaxLength="12" sap:label="User who created the record" sap:creatable="false"
					sap:updatable="false" sap:sortable="false" sap:filterable="false"/>
				<Property Name="UPDATE_DT" Type="Edm.DateTime" Precision="8" sap:label="Date" sap:creatable="false" sap:updatable="false"
					sap:sortable="false" sap:filterable="false"/>
				<Property Name="STATUS" Type="Edm.String" MaxLength="1" sap:label="Inspection Status" sap:creatable="false" sap:updatable="false"
					sap:sortable="false" sap:filterable="false"/>
				<Property Name="DEPT_TYP" Type="Edm.String" MaxLength="2" sap:label="Department Type" sap:creatable="false" sap:updatable="false"
					sap:sortable="false" sap:filterable="false"/>
			</EntityType>
			<EntityContainer Name="ZPP_IPI_INS_UNIT_SRV_Entities" m:IsDefaultEntityContainer="true" sap:supported-formats="atom json xlsx">
				<EntitySet Name="ZQC_INS_SF_SLT_TSet" EntityType="ZPP_IPI_INS_UNIT_SRV.ZQC_INS_SF_SLT_T" sap:creatable="false" sap:updatable="false"
					sap:deletable="false" sap:pageable="false" sap:content-version="1"/>
				<EntitySet Name="ZTB_QM_IPI_IMGSet" EntityType="ZPP_IPI_INS_UNIT_SRV.ZTB_QM_IPI_IMG" sap:creatable="false" sap:updatable="false"
					sap:deletable="false" sap:pageable="false" sap:content-version="1"/>
				<EntitySet Name="ZST_AFKOSet" EntityType="ZPP_IPI_INS_UNIT_SRV.ZST_AFKO" sap:creatable="false" sap:updatable="false" sap:deletable="false"
					sap:pageable="false" sap:content-version="1"/>
				<EntitySet Name="ZST_AFPO_BATCHSet" EntityType="ZPP_IPI_INS_UNIT_SRV.ZST_AFPO_BATCH" sap:creatable="false" sap:updatable="false"
					sap:deletable="false" sap:pageable="false" sap:content-version="1"/>
				<EntitySet Name="ZST_MARASet" EntityType="ZPP_IPI_INS_UNIT_SRV.ZST_MARA" sap:creatable="false" sap:updatable="false" sap:deletable="false"
					sap:pageable="false" sap:content-version="1"/>
				<EntitySet Name="WEITRANGESet" EntityType="ZPP_IPI_INS_UNIT_SRV.WEITRANGE" sap:creatable="false" sap:updatable="false" sap:deletable="false"
					sap:pageable="false" sap:content-version="1"/>
				<EntitySet Name="ZTB_QM_IPI_WEITSet" EntityType="ZPP_IPI_INS_UNIT_SRV.ZTB_QM_IPI_WEIT" sap:creatable="false" sap:updatable="false"
					sap:deletable="false" sap:pageable="false" sap:content-version="1"/>
				<EntitySet Name="ZTB_QM_MACHINFOSet" EntityType="ZPP_IPI_INS_UNIT_SRV.ZTB_QM_MACHINFO" sap:creatable="false" sap:updatable="false"
					sap:deletable="false" sap:pageable="false" sap:content-version="1"/>
				<EntitySet Name="ZQC_INS_FN_SLT_TSet" EntityType="ZPP_IPI_INS_UNIT_SRV.ZQC_INS_FN_SLT_T" sap:creatable="false" sap:updatable="false"
					sap:deletable="false" sap:pageable="false" sap:content-version="1"/>
				<FunctionImport Name="ZFI_WEIT" ReturnType="ZPP_IPI_INS_UNIT_SRV.ZTB_QM_IPI_WEIT" EntitySet="ZTB_QM_IPI_WEITSet" m:HttpMethod="POST"
					sap:action-for="ZPP_IPI_INS_UNIT_SRV.ZTB_QM_IPI_WEIT">
					<Parameter Name="INSPECTION_ID" Type="Edm.String" Mode="In"/>
					<Parameter Name="PROCESS_ID" Type="Edm.String" Mode="In"/>
					<Parameter Name="Unit" Type="Edm.String" Mode="In"/>
					<Parameter Name="Weight" Type="Edm.String" Mode="In"/>
					<Parameter Name="WEIGHT_ID" Type="Edm.String" Mode="In"/>
					<Parameter Name="PACKAGE_TYPE" Type="Edm.String" Mode="In"/>
				</FunctionImport>
				<FunctionImport Name="ZSF_SUBMIT" ReturnType="ZPP_IPI_INS_UNIT_SRV.ZQC_INS_SF_SLT_T" EntitySet="ZQC_INS_SF_SLT_TSet" m:HttpMethod="GET"
					sap:action-for="ZPP_IPI_INS_UNIT_SRV.ZQC_INS_SF_SLT_T">
					<Parameter Name="INSPECTION_ID" Type="Edm.String" Mode="In"/>
					<Parameter Name="STATUS" Type="Edm.String" Mode="In"/>
					<Parameter Name="TBL" Type="Edm.String" Mode="In"/>
				</FunctionImport>
				<FunctionImport Name="ZFN_SUBMIT" ReturnType="ZPP_IPI_INS_UNIT_SRV.ZQC_INS_FN_SLT_T" EntitySet="ZQC_INS_FN_SLT_TSet" m:HttpMethod="GET"
					sap:action-for="ZPP_IPI_INS_UNIT_SRV.ZQC_INS_FN_SLT_T">
					<Parameter Name="INSPECTION_ID" Type="Edm.String" Mode="In"/>
					<Parameter Name="STATUS" Type="Edm.String" Mode="In"/>
					<Parameter Name="TBL" Type="Edm.String" Mode="In"/>
				</FunctionImport>
			</EntityContainer>
			<atom:link xmlns:atom="http://www.w3.org/2005/Atom" rel="self"
				href="http://192.168.35.215:8000/sap/opu/odata/sap/ZPP_IPI_INS_UNIT_SRV/$metadata"/>
			<atom:link xmlns:atom="http://www.w3.org/2005/Atom" rel="latest-version"
				href="http://192.168.35.215:8000/sap/opu/odata/sap/ZPP_IPI_INS_UNIT_SRV/$metadata"/>
		</Schema>
	</edmx:DataServices>
</edmx:Edmx>