<?xml version="1.0" encoding="utf-8"?>
<edmx:Edmx Version="1.0" xmlns:edmx="http://schemas.microsoft.com/ado/2007/06/edmx"
	xmlns:m="http://schemas.microsoft.com/ado/2007/08/dataservices/metadata" xmlns:sap="http://www.sap.com/Protocols/SAPData">
	<edmx:DataServices m:DataServiceVersion="2.0">
		<Schema Namespace="com.sap.wt04" sap:schema-version="1" xmlns="http://schemas.microsoft.com/ado/2008/09/edm">
			<EntityType Name="Product">
				<Key>
					<PropertyRef Name="ProductId"/>
				</Key>
				<Property Name="ProductId" Type="Edm.String" Nullable="false" sap:updatable="false" MaxLength="20" sap:label="Product ID"/>
				<Property Name="Name" Type="Edm.String" Nullable="false" MaxLength="30" sap:label="Name"/>
				<Property Name="CategoryName" Type="Edm.String" sap:label="Category Description" sap:updatable="true"/>
				<Property Name="Description" Type="Edm.String" MaxLength="256" sap:label="Description" sap:updatable="true"/>
				<Property Name="Price" Type="Edm.String" Nullable="false" sap:unit="CurrencyCode" MaxLength="3" sap:label="Price" sap:updatable="true"/>
				<Property Name="CurrencyCode" Type="Edm.String" Nullable="true" MaxLength="3" sap:label="Currency" sap:semantics="currency-code"
					sap:updatable="true"/>
				<Property Name="SupplierName" Type="Edm.String" Nullable="false" sap:label="Supplier" sap:updatable="true"/>
			</EntityType>
			<EntityContainer m:IsDefaultEntityContainer="true" sap:supported-formats="atom json">
				<EntitySet Name="Products" EntityType="com.sap.wt04.Product"/>
			</EntityContainer>
		</Schema>
	</edmx:DataServices>
</edmx:Edmx>