<core:FragmentDefinition xmlns="sap.m" xmlns:core="sap.ui.core" xmlns:f="sap.ui.layout.form" xmlns:l="sap.ui.layout"
	xmlns:u="sap.ui.unified">
	<Dialog title="Reject" customHeader="Reject" stretch="false">
		<f:SimpleForm editable="true" layout="ResponsiveGridLayout">
			<f:content>
				<Label text="Rejection Level"/>
				<Select selectedKey="{RejectModel>/rejectLevel}" showSecondaryValues="true" items="{ApproversModel>/Approvers}">
					<core:ListItem key="{ApproversModel>ORGEH}" text="{ApproversModel>VIEWT}" additionalText="{ApproversModel>ORGEH}"/>
				</Select>
				<Label text="Comment"/>
				<TextArea valueLiveUpdate="true" value="{RejectModel>/rejectText}" rows="8"/>
			</f:content>
		</f:SimpleForm>
		<beginButton>
			<Button text="OK" press="onOkFGReject"/>
		</beginButton>
		<endButton>
			<Button text="Close" press="onCloseReject"/>
		</endButton>
	</Dialog>
</core:FragmentDefinition>